accuracy,avg_reaction_time,mistakes,current_level,streak,game_type,next_level
82.5,1.95,1,1,2,pattern,2
59.2,3.49,6,5,-3,pattern,4
62.4,3.39,5,5,2,attention,4
100.0,2.78,1,1,3,attention,2
69.6,2.5,2,4,-2,memory,3
69.5,3.1,3,5,1,memory,5
66.5,3.88,4,5,-3,memory,4
100.0,0.6,0,1,1,pattern,2
100.0,1.29,0,1,0,routine,2
71.7,1.32,0,2,2,attention,3
73.9,2.6,3,3,1,attention,3
80.6,1.79,0,1,3,pattern,2
87.0,2.44,0,3,1,pattern,3
53.6,2.21,8,4,-3,memory,3
74.3,1.76,1,1,0,attention,1
56.6,3.64,3,5,2,attention,4
100.0,1.71,0,1,0,memory,2
67.9,2.27,2,3,-2,routine,2
89.1,3.7,2,3,2,pattern,3
69.2,2.25,1,3,-1,routine,3
66.6,1.5,5,3,-3,pattern,2
51.4,3.06,6,5,3,attention,4
89.5,0.76,5,1,-2,attention,1
82.1,2.66,0,2,2,pattern,2
78.6,2.49,1,1,3,pattern,2
81.7,0.96,3,1,3,memory,2
94.7,0.77,0,2,-3,routine,3
60.5,2.8,3,4,0,routine,3
75.0,3.82,3,5,-1,pattern,4
66.0,2.55,7,3,1,memory,2
61.2,1.9,5,2,2,memory,1
53.4,4.28,3,4,3,memory,3
100.0,1.41,0,2,-2,routine,3
58.5,3.42,1,5,1,memory,4
68.7,4.11,2,5,-3,pattern,4
66.8,3.44,2,5,-2,memory,4
98.2,1.79,0,1,2,routine,2
49.7,3.22,5,5,3,routine,4
73.1,3.18,1,4,-1,memory,4
60.6,3.02,3,3,2,routine,2
77.1,3.76,5,5,0,memory,4
80.4,2.89,1,4,1,pattern,4
78.2,1.8,5,3,3,pattern,3
82.7,3.19,2,3,2,routine,3
54.2,2.15,1,3,0,pattern,3
100.0,1.16,0,1,2,attention,2
66.2,2.98,1,5,2,routine,5
82.3,1.42,4,1,-3,attention,1
100.0,1.83,1,1,2,memory,2
89.5,1.56,1,1,0,attention,1
92.3,2.31,1,2,0,attention,2
57.3,3.78,4,5,1,routine,4
84.8,2.12,0,2,-2,memory,2
59.8,3.43,1,5,3,routine,4
78.9,2.45,4,2,2,attention,2
88.1,1.5,0,2,2,pattern,3
100.0,2.53,0,1,-2,pattern,1
100.0,1.42,0,1,-1,memory,2
58.2,2.61,5,4,-2,attention,3
75.0,3.17,1,3,1,attention,3
95.8,1.6,0,1,-3,pattern,2
78.7,2.69,1,3,3,pattern,3
59.5,4.66,4,5,-3,pattern,4
66.9,3.64,3,4,2,pattern,3
94.3,1.4,1,1,3,pattern,2
76.0,3.72,1,5,0,memory,5
91.0,0.6,1,1,2,pattern,2
77.0,0.6,5,1,2,attention,1
96.5,2.21,0,2,-3,pattern,3
100.0,0.92,2,1,0,attention,2
88.6,2.15,1,2,-3,attention,2
100.0,0.6,0,1,-2,attention,2
61.6,1.99,5,4,0,pattern,3
95.0,2.23,0,2,0,routine,3
83.3,1.55,2,2,0,routine,2
78.2,2.7,1,3,-3,attention,3
79.2,2.33,2,2,-3,attention,2
89.3,1.13,1,2,3,routine,3
65.1,2.32,3,3,2,pattern,3
98.3,1.77,0,3,2,pattern,4
81.9,1.69,3,2,-3,memory,2
63.5,2.62,2,4,-3,attention,3
89.8,1.15,3,2,-3,attention,2
100.0,1.24,0,1,3,pattern,2
72.6,2.25,3,3,-3,routine,2
39.8,3.31,3,5,1,attention,4
100.0,2.6,0,3,2,pattern,4
74.2,1.6,2,1,-3,attention,1
90.8,1.48,1,2,-2,attention,2
78.8,1.96,2,3,0,attention,3
56.2,2.47,3,2,0,memory,2
100.0,1.73,0,1,1,attention,2
56.7,3.24,2,5,3,attention,4
74.8,2.85,0,4,3,routine,4
59.2,1.42,3,2,-3,routine,1
100.0,0.91,0,1,3,attention,2
86.8,2.42,1,2,-1,memory,2
60.2,2.91,4,3,3,attention,2
90.4,2.46,0,2,-2,attention,2
79.7,2.83,0,3,-3,routine,3
72.7,2.53,2,5,-2,memory,4
80.2,3.06,1,3,3,routine,3
83.4,1.39,2,2,-2,pattern,2
70.7,3.77,2,5,2,memory,5
72.0,2.67,5,4,-1,memory,3
81.9,1.74,2,1,3,memory,2
79.1,2.65,3,3,1,pattern,3
100.0,1.73,1,1,-3,pattern,2
63.5,2.99,5,5,3,pattern,4
65.6,3.38,3,5,2,routine,4
98.3,0.82,0,1,1,pattern,2
69.6,0.6,5,1,3,pattern,1
62.0,2.46,1,4,3,attention,4
93.9,3.02,2,4,1,attention,5
70.5,3.08,3,3,1,attention,2
91.0,2.25,0,2,-3,routine,2
94.3,1.55,0,1,-3,attention,1
82.1,1.65,1,2,-3,attention,2
64.3,0.82,3,2,1,routine,2
49.7,2.8,1,5,3,attention,5
58.6,2.0,2,3,-3,attention,2
86.9,0.98,0,1,2,attention,2
93.2,2.45,1,1,2,memory,1
63.8,2.85,2,5,-2,memory,4
100.0,1.82,0,1,2,attention,2
76.6,2.07,3,2,-1,pattern,2
87.1,2.27,2,2,-3,attention,2
77.9,3.06,0,3,-2,routine,3
77.4,3.67,1,5,1,routine,5
20.0,2.47,4,5,-3,routine,4
99.9,2.47,1,1,2,attention,2
54.6,2.85,2,4,0,memory,3
86.4,1.9,2,3,-1,pattern,3
84.6,1.58,0,3,-3,pattern,3
62.1,2.7,6,3,-3,pattern,2
75.2,3.46,3,4,-1,attention,3
79.0,2.7,3,3,0,routine,3
81.0,1.01,1,2,-2,memory,2
78.4,3.2,2,4,-3,pattern,3
44.8,3.02,5,4,0,attention,3
56.3,3.98,5,5,1,routine,4
93.5,1.43,2,2,-2,routine,3
88.7,3.09,0,4,0,attention,4
85.2,2.87,2,2,-1,memory,2
96.3,2.45,1,3,2,memory,3
76.0,2.14,4,2,3,memory,2
88.3,1.76,0,2,-2,pattern,3
59.7,3.14,6,5,1,pattern,4
100.0,2.37,0,2,-1,attention,3
79.4,2.19,2,4,-2,pattern,4
92.1,1.56,1,1,0,attention,2
83.1,1.77,0,1,-3,attention,1
91.8,2.56,0,1,-3,memory,1
84.3,1.34,1,1,-1,attention,2
79.4,2.45,2,3,-2,attention,3
87.2,2.41,0,2,-1,memory,2
97.2,2.08,0,1,2,routine,2
72.3,3.0,3,4,0,pattern,3
75.2,1.48,2,2,2,pattern,2
72.1,1.43,4,1,2,attention,1
100.0,1.02,0,1,-1,attention,2
91.2,1.72,0,1,2,routine,2
59.9,3.95,2,5,0,attention,4
58.3,2.21,2,4,1,routine,4
76.4,3.37,2,2,-1,routine,1
31.2,2.67,6,5,-2,routine,4
95.7,1.65,0,2,-1,routine,3
49.5,2.79,5,5,1,attention,4
78.3,2.9,1,5,-3,attention,5
74.1,1.42,2,3,3,pattern,3
78.3,1.62,1,2,1,pattern,2
100.0,1.56,0,1,2,pattern,2
69.0,2.9,2,3,-2,pattern,2
67.5,3.13,0,5,1,memory,5
60.4,4.22,3,5,0,pattern,4
70.7,4.2,2,4,0,routine,3
97.1,1.05,1,2,0,routine,3
54.0,2.87,6,3,-3,memory,2
91.8,2.34,1,2,2,routine,2
93.3,2.04,1,3,2,pattern,4
82.5,1.55,0,3,0,pattern,3
82.1,2.03,3,1,1,pattern,1
53.4,3.76,1,5,1,attention,4
66.9,3.06,2,5,-1,routine,4
71.7,4.65,1,5,-3,memory,4
60.0,3.27,2,5,2,memory,4
100.0,2.25,0,1,3,pattern,2
67.9,2.54,2,5,-1,pattern,5
100.0,0.6,0,2,3,routine,3
88.1,2.75,0,2,0,routine,2
100.0,1.17,0,1,3,routine,2
94.2,1.89,2,2,0,memory,2
56.0,3.92,7,5,-3,memory,4
100.0,2.6,1,2,-1,routine,2
95.8,2.61,0,3,-2,memory,3
86.9,2.95,1,3,2,memory,3
78.0,2.24,3,3,0,routine,3
100.0,1.41,0,1,1,routine,2
71.9,2.3,6,3,3,attention,3
98.6,1.57,0,2,1,attention,3
71.6,1.18,2,2,0,attention,2
67.9,1.39,1,1,-3,routine,1
92.4,2.34,2,2,-2,routine,2
78.5,1.7,1,1,-1,memory,1
58.8,2.84,6,5,1,memory,4
100.0,0.6,0,1,-2,attention,2
93.6,2.54,0,2,-3,routine,2
78.4,2.79,7,2,2,memory,1
86.4,2.83,1,3,0,pattern,3
51.5,3.95,7,5,1,routine,4
69.6,3.74,1,5,0,pattern,4
46.5,3.12,3,5,3,routine,4
73.2,1.44,2,2,1,memory,2
79.3,2.37,3,3,1,memory,3
91.1,2.71,1,2,3,routine,3
75.5,0.6,1,1,0,attention,1
68.9,2.56,4,4,3,routine,4
84.6,3.76,0,4,-2,memory,4
89.3,1.87,1,2,-1,pattern,2
87.9,1.59,1,2,-1,routine,3
93.9,2.03,1,2,-3,attention,2
34.9,4.45,5,5,-3,routine,4
100.0,1.5,0,1,2,routine,2
42.0,3.39,7,4,2,pattern,3
68.2,2.23,6,2,0,memory,1
65.7,3.5,5,5,-2,routine,4
91.4,1.56,0,2,1,attention,3
80.5,2.74,0,2,0,attention,2
69.3,3.52,0,4,-3,attention,3
54.4,2.68,3,4,2,memory,3
81.1,2.08,2,2,3,memory,2
91.3,2.4,1,3,3,pattern,4
88.5,1.65,0,2,3,routine,3
100.0,0.66,0,1,-3,routine,2
83.7,1.18,4,1,-3,routine,1
82.0,2.18,0,4,-1,routine,4
96.7,2.8,0,3,-2,routine,3
64.1,3.19,2,4,1,routine,3
76.2,3.88,3,5,0,attention,4
63.4,2.37,2,4,3,memory,4
57.6,3.54,6,5,2,routine,4
72.1,1.54,4,4,1,memory,4
94.9,1.66,1,1,-3,pattern,1
93.2,1.16,0,1,-1,pattern,2
82.1,2.06,1,2,1,routine,2
90.5,1.33,0,3,2,attention,4
65.5,3.4,5,4,-2,attention,3
87.1,3.02,4,3,-3,attention,2
96.1,1.63,0,1,0,pattern,2
64.0,3.01,3,4,-3,routine,3
100.0,1.12,0,1,-3,routine,2
92.7,1.58,0,2,-3,routine,3
86.9,1.85,0,3,1,attention,4
64.9,3.37,3,5,2,pattern,4
82.2,0.6,1,1,1,routine,2
95.7,2.85,1,2,-1,attention,2
89.4,1.06,1,2,1,routine,3
53.1,2.34,3,3,-3,routine,2
86.2,2.42,2,3,-2,routine,3
76.2,2.53,1,4,-3,routine,4
55.6,4.12,2,5,1,pattern,4
84.5,2.97,2,4,-3,attention,4
82.2,1.48,1,2,-2,routine,2
49.1,3.09,6,5,1,pattern,4
100.0,2.03,0,2,-3,pattern,2
89.6,1.39,2,2,-2,memory,2
67.7,2.86,1,4,0,pattern,4
81.8,2.48,1,2,-1,memory,2
96.2,0.86,0,2,-1,attention,3
89.0,1.66,0,2,2,pattern,3
97.4,1.04,0,1,-3,pattern,2
100.0,1.64,0,1,-2,routine,2
69.9,2.68,1,4,2,attention,4
82.0,1.66,1,3,-3,attention,3
63.8,3.57,2,3,-1,pattern,2
62.7,3.1,5,5,2,routine,4
63.8,1.62,3,1,-2,memory,1
100.0,1.22,0,1,0,pattern,2
86.9,3.65,1,3,-1,memory,3
69.0,3.56,1,5,0,attention,5
67.4,3.85,6,5,-2,memory,4
76.9,3.08,0,3,-3,routine,3
70.1,0.81,1,2,-3,attention,2
86.6,2.03,1,2,-1,memory,2
88.9,2.61,2,2,-2,routine,2
89.3,2.38,1,2,-3,routine,2
61.3,1.92,4,4,-1,pattern,3
87.8,2.37,0,4,2,attention,5
73.9,3.62,3,5,-3,routine,4
69.7,3.53,2,5,-3,memory,4
76.1,3.64,5,4,0,routine,3
82.8,3.26,2,3,-1,pattern,3
75.7,2.56,0,2,-3,pattern,2
87.8,1.99,2,3,-2,attention,3
78.1,1.69,0,2,2,pattern,3
78.6,3.88,1,5,3,memory,5
63.6,2.49,2,4,3,pattern,4
68.8,3.8,0,5,-3,pattern,4
56.7,1.9,4,3,1,routine,3
67.8,1.9,2,3,1,attention,3
77.2,1.68,4,2,-1,memory,2
70.3,3.24,3,5,0,pattern,4
69.8,2.61,6,4,2,memory,3
100.0,2.67,0,3,-3,memory,3
59.9,2.37,5,4,1,pattern,3
76.9,2.63,1,4,3,memory,4
62.0,3.91,3,5,3,pattern,4
85.6,1.07,0,3,-1,attention,4
80.5,3.37,3,4,-1,routine,4
100.0,1.58,1,1,-3,memory,2
93.8,2.51,1,3,0,pattern,3
87.4,3.87,1,3,-1,memory,3
73.9,3.2,0,3,2,routine,3
56.9,3.32,2,5,0,pattern,4
100.0,2.01,1,2,2,pattern,3
79.4,3.53,2,5,2,attention,5
92.0,2.75,0,2,0,routine,2
93.2,0.67,1,2,0,pattern,3
98.1,1.48,0,1,-2,attention,2
81.0,3.63,0,4,2,pattern,4
60.7,3.99,3,5,-1,attention,4
86.5,2.48,2,3,0,pattern,3
81.9,4.44,2,5,-1,routine,4
92.4,2.27,0,3,2,routine,4
93.6,2.46,2,1,-2,memory,1
70.0,2.84,5,4,-2,pattern,3
47.5,3.42,4,4,2,attention,3
86.1,2.23,3,3,3,pattern,3
74.5,2.79,2,4,-3,attention,3
61.7,3.17,5,3,-1,pattern,2
88.2,2.68,0,2,-3,routine,2
84.9,2.59,1,5,2,attention,5
51.2,3.67,4,5,2,pattern,4
100.0,1.77,0,2,2,routine,3
66.2,3.32,5,4,-2,attention,3
79.2,1.41,1,1,3,memory,2
94.9,2.01,1,2,0,routine,3
52.1,3.52,3,5,-3,routine,4
94.6,1.44,0,1,2,attention,2
95.5,2.5,1,3,1,attention,3
100.0,2.43,1,3,0,pattern,4
74.0,3.61,0,4,2,pattern,4
99.3,2.04,0,1,2,attention,2
97.6,1.98,0,1,1,pattern,2
85.7,1.47,2,3,2,memory,4
41.4,4.64,1,5,1,attention,4
100.0,2.33,0,2,-2,pattern,3
75.5,2.98,0,5,-1,attention,5
83.9,2.31,2,3,3,memory,4
74.2,1.8,4,1,-3,attention,1
100.0,2.89,1,2,-2,routine,2
76.6,2.94,2,5,-3,attention,5
80.7,3.61,2,5,-3,memory,4
95.5,1.91,1,3,3,pattern,4
88.0,2.85,4,2,-1,memory,1
53.1,4.24,3,5,-1,routine,4
77.1,2.96,2,5,-1,pattern,4
88.9,2.14,1,3,-1,pattern,3
85.7,2.49,1,1,0,pattern,1
56.4,3.41,4,5,-2,routine,4
100.0,2.22,0,1,3,routine,2
80.0,2.35,3,2,0,routine,2
90.5,3.44,0,2,-2,attention,2
100.0,1.5,0,2,0,routine,3
76.8,2.77,2,3,0,attention,3
72.4,2.76,1,4,1,attention,4
89.4,1.79,0,1,-1,memory,2
85.1,1.44,1,3,-2,routine,3
61.2,2.58,1,3,2,routine,3
71.6,1.38,7,2,1,memory,1
100.0,1.63,0,1,-3,memory,1
66.6,3.43,1,5,-2,routine,4
71.8,3.07,1,4,1,routine,4
100.0,0.6,0,1,-2,pattern,2
77.0,3.6,0,3,3,attention,3
91.7,2.72,1,4,0,pattern,4
100.0,1.49,0,2,3,pattern,3
100.0,2.2,0,1,3,memory,2
74.4,2.23,0,2,3,attention,2
91.9,1.78,1,3,1,pattern,4
43.6,3.18,5,5,3,pattern,4
85.9,2.35,1,3,0,attention,3
100.0,0.89,0,1,2,routine,2
99.8,2.23,0,2,2,attention,3
81.6,2.89,3,2,0,memory,2
77.7,2.85,1,4,-1,attention,4
51.2,2.99,2,5,-1,memory,4
87.4,1.28,1,1,0,memory,2
100.0,1.95,0,1,-3,attention,2
95.1,1.38,0,2,-2,memory,3
59.0,4.0,2,3,1,routine,2
69.7,3.33,2,4,1,pattern,4
87.8,2.1,1,3,-3,pattern,3
90.7,2.41,0,3,-2,routine,3
100.0,1.96,0,2,1,memory,3
53.4,3.38,4,4,3,pattern,3
40.9,3.09,2,5,1,memory,4
56.6,3.0,5,5,3,memory,4
90.2,1.3,0,1,-2,pattern,2
87.0,1.1,0,1,2,pattern,2
72.7,3.16,2,5,0,memory,5
84.7,3.01,3,4,1,routine,4
86.3,4.45,0,5,-2,pattern,5
78.3,2.13,3,2,3,pattern,2
91.3,1.05,1,1,0,pattern,2
30.1,2.44,4,5,2,routine,4
89.7,2.96,0,2,3,routine,3
57.0,3.45,4,4,-2,attention,3
100.0,1.24,0,2,-2,attention,3
71.3,2.04,3,4,-1,memory,4
56.0,3.57,6,5,-1,memory,4
60.7,3.66,3,5,2,memory,4
94.7,2.98,1,2,1,memory,2
64.5,3.9,1,3,0,routine,2
60.4,2.34,3,3,2,memory,3
82.8,1.75,2,2,0,attention,2
46.5,2.26,2,4,3,attention,4
95.8,1.19,2,2,-3,pattern,2
84.1,3.29,1,4,1,attention,4
86.1,2.93,0,4,2,pattern,4
68.8,3.81,2,5,-2,pattern,4
94.1,1.23,1,1,-2,routine,2
85.1,3.12,1,4,-3,memory,4
74.1,3.26,1,4,-2,routine,4
100.0,2.26,0,1,2,attention,2
79.9,2.13,0,1,0,attention,1
57.4,3.94,6,5,-3,memory,4
81.4,2.3,4,1,-3,routine,1
71.5,3.46,2,4,-3,memory,3
100.0,1.97,0,1,1,attention,2
61.1,2.25,3,4,-3,pattern,3
94.5,1.75,1,1,0,routine,2
87.5,1.18,0,1,-3,pattern,2
93.4,3.18,0,2,2,pattern,2
74.1,2.76,4,4,-3,routine,3
68.0,3.42,2,5,-3,pattern,4
78.4,2.83,1,3,-2,pattern,3
76.5,1.63,1,2,3,pattern,3
87.5,2.47,2,2,2,routine,2
67.2,1.6,2,3,-3,memory,3
82.7,1.18,0,2,-3,attention,2
80.8,1.43,4,1,0,routine,1
92.3,2.76,1,3,0,memory,3
80.4,2.02,2,2,-3,attention,2
85.5,4.34,3,4,2,routine,4
71.9,1.95,3,3,3,memory,3
66.1,3.02,4,3,1,memory,2
60.8,3.16,0,4,3,attention,4
78.8,2.02,3,1,2,memory,1
67.1,3.11,3,5,2,attention,5
89.1,1.74,0,1,-1,pattern,2
69.2,3.15,2,3,0,memory,2
69.7,1.04,4,1,-1,memory,1
70.7,2.64,3,2,-1,attention,2
86.4,2.77,1,3,-3,pattern,3
100.0,2.06,0,1,-3,routine,2
79.4,2.39,3,4,0,routine,4
100.0,1.4,0,1,3,routine,2
67.2,3.1,1,4,-3,attention,3
79.8,2.1,1,3,3,pattern,3
71.7,2.83,0,4,1,attention,4
67.5,1.79,0,2,-3,routine,2
76.2,2.65,1,3,-1,pattern,3
100.0,2.0,0,1,-2,pattern,1
94.1,2.19,0,3,-2,attention,3
59.9,2.13,1,2,3,attention,2
98.6,1.57,0,1,-1,routine,2
56.0,3.5,3,5,-2,routine,4
100.0,1.1,0,1,2,attention,2
81.0,1.07,1,2,2,routine,3
86.0,2.86,1,3,0,routine,3
67.8,3.99,6,5,-1,pattern,4
52.5,2.98,6,4,0,attention,3
77.7,3.5,3,5,0,routine,4
100.0,2.98,3,3,-2,routine,3
63.2,3.06,3,4,2,pattern,3
67.1,2.75,1,4,-3,routine,3
100.0,2.66,0,1,1,memory,2
51.7,3.36,4,5,-2,attention,4
95.3,1.36,1,3,-2,attention,4
93.6,1.21,1,2,-1,attention,3
79.2,2.2,2,3,2,routine,3
82.2,2.55,0,3,2,memory,3
83.6,2.14,1,2,2,pattern,3
100.0,1.35,0,1,2,attention,2
64.9,4.49,4,5,0,memory,4
83.3,2.32,1,3,3,memory,4
70.3,2.52,1,3,1,memory,3
71.1,1.08,4,2,1,routine,2
98.3,1.8,0,2,-2,routine,3
85.2,2.24,1,2,0,memory,2
85.9,1.84,1,1,0,routine,1
84.0,1.87,0,2,2,memory,3
71.6,3.57,2,5,0,routine,4
68.9,4.01,1,5,-2,pattern,4
87.7,0.6,3,1,-2,attention,2
86.3,2.19,1,2,-3,pattern,2
80.4,1.97,1,2,-1,attention,2
89.9,1.16,1,1,2,routine,2
78.3,2.37,1,1,-2,pattern,1
70.5,3.39,1,4,0,attention,3
100.0,2.21,0,1,-3,memory,1
79.5,1.47,9,2,1,memory,1
55.5,2.84,9,4,3,memory,3
100.0,2.15,0,2,-2,pattern,3
91.2,1.86,0,2,-3,pattern,2
67.8,3.24,1,5,3,routine,5
65.8,1.46,3,3,-2,routine,3
66.4,2.87,4,3,-3,pattern,2
66.2,2.77,3,5,2,routine,4
86.4,2.53,0,4,-3,attention,4
64.3,2.47,3,3,-3,memory,2
93.3,1.33,1,1,0,memory,2
77.6,1.48,1,2,-3,memory,2
79.4,3.56,1,4,1,routine,4
86.6,2.67,1,3,-2,pattern,3
71.9,2.73,0,4,2,pattern,4
65.3,2.05,5,4,-2,attention,3
67.6,2.62,4,4,1,memory,3
47.7,3.74,3,5,3,attention,4
90.1,2.77,0,3,1,pattern,3
54.9,3.25,5,4,-2,pattern,3
83.7,2.31,0,1,-1,pattern,1
63.5,4.57,0,5,2,attention,5
87.7,1.61,1,3,3,pattern,4
73.1,3.47,1,5,0,pattern,5
31.5,3.0,3,5,3,pattern,4
60.1,4.19,7,5,0,attention,4
89.3,2.64,1,3,0,routine,3
60.9,3.04,3,5,-3,routine,4
69.9,3.18,2,4,1,attention,4
81.4,2.51,0,4,2,memory,4
64.1,2.38,2,5,-2,memory,4
87.6,1.79,0,3,-3,pattern,3
100.0,1.69,0,1,3,pattern,2
89.1,0.77,0,1,-1,attention,2
98.8,0.72,0,1,0,routine,2
82.9,3.24,0,3,1,memory,3
59.9,3.06,3,5,1,attention,4
70.6,3.07,2,2,2,attention,2
67.6,3.47,1,2,-3,pattern,1
87.2,4.45,1,4,-3,attention,3
71.2,2.63,2,3,-2,attention,3
79.2,3.03,0,3,-1,pattern,3
50.3,3.95,9,5,-2,routine,4
100.0,2.24,0,1,-3,routine,1
78.5,2.06,1,3,2,pattern,3
63.0,1.54,5,2,-1,routine,1
67.1,1.87,2,3,2,memory,3
91.4,2.6,0,4,2,attention,5
80.3,3.2,2,4,-1,memory,4
81.5,1.76,2,1,3,routine,1
100.0,1.09,0,1,1,pattern,2
56.0,3.15,5,4,1,pattern,3
83.3,2.65,3,3,-1,attention,3
83.1,2.0,1,2,3,pattern,2
51.4,3.11,6,5,-1,pattern,4
97.4,2.99,0,4,-3,pattern,4
86.6,1.13,2,2,-3,memory,2
79.7,3.03,1,3,-3,pattern,3
100.0,1.93,0,1,-1,memory,2
100.0,1.11,0,1,1,pattern,2
78.1,2.44,1,3,3,routine,3
96.0,1.77,0,3,-1,routine,4
64.9,3.66,4,4,2,routine,3
65.7,3.45,1,4,-2,memory,3
65.8,2.33,3,2,-3,memory,1
85.2,3.29,1,5,-3,pattern,5
69.7,3.84,2,5,2,memory,5
98.7,1.58,0,2,-3,pattern,3
99.3,1.95,0,1,3,pattern,2
84.4,1.41,1,2,3,pattern,3
63.7,3.83,2,4,3,attention,4
90.4,1.77,1,2,0,pattern,3
58.2,2.26,3,3,-2,memory,2
100.0,2.13,0,1,0,attention,2
46.9,3.36,9,5,-2,memory,4
56.9,3.75,4,5,3,attention,4
75.6,3.24,3,4,-3,memory,3
83.0,2.27,2,1,-2,pattern,1
63.1,2.32,2,2,1,memory,2
100.0,1.29,0,1,-3,pattern,2
85.6,2.83,3,2,-2,pattern,2
100.0,2.78,0,5,3,pattern,5
87.0,2.04,0,1,2,pattern,2
79.9,4.24,0,5,-2,memory,4
78.7,3.02,0,4,0,pattern,4
66.4,2.05,4,3,3,memory,3
84.8,1.4,2,3,-3,pattern,3
66.6,3.18,3,4,2,pattern,3
75.1,3.69,1,4,0,routine,4
100.0,2.74,1,3,3,pattern,4
100.0,0.6,1,2,-2,pattern,3
86.4,1.09,2,1,-3,attention,1
71.9,3.27,3,4,-2,pattern,3
78.3,1.64,2,2,0,attention,2
74.9,3.02,2,4,2,attention,4
100.0,1.17,0,1,-2,memory,2
69.1,2.07,1,2,-1,routine,2
93.8,0.94,0,2,-3,pattern,3
93.9,1.49,0,2,-2,attention,3
84.0,0.78,1,2,0,attention,3
60.3,1.65,4,4,-3,pattern,3
70.0,3.01,3,3,3,memory,3
60.8,2.58,3,2,1,routine,1
65.4,3.56,5,3,-1,routine,2
78.7,2.43,4,2,2,memory,2
74.1,1.45,2,2,1,attention,2
70.4,2.72,1,4,0,attention,4
64.6,3.15,2,4,-2,attention,3
61.0,2.98,1,5,-1,routine,5
84.9,3.46,2,4,3,pattern,4
68.7,2.1,1,4,-1,memory,4
93.9,3.51,0,4,-1,routine,4
99.0,0.6,0,1,-1,memory,2
58.1,3.25,0,4,0,pattern,3
92.0,0.69,0,1,2,attention,2
63.5,2.84,4,4,1,pattern,3
78.9,2.31,2,3,-1,attention,3
73.6,3.09,7,5,-3,pattern,4
83.3,2.87,0,5,-2,attention,5
76.2,1.56,1,2,0,pattern,2
73.9,2.7,2,4,3,pattern,4
100.0,1.95,0,1,2,attention,2
77.0,3.26,2,3,-1,pattern,3
59.5,2.46,3,5,-2,attention,4
80.8,1.36,1,1,0,routine,2
90.5,3.08,0,2,-3,memory,2
82.6,1.84,1,3,-3,routine,3
75.4,2.34,0,2,1,memory,2
72.6,2.51,1,4,3,attention,4
92.4,3.97,1,4,1,routine,4
83.3,2.39,1,2,3,routine,3
88.4,0.6,0,2,1,memory,3
100.0,2.19,0,2,2,attention,3
52.2,2.04,6,5,3,routine,4
42.5,3.22,3,5,0,memory,4
96.1,2.52,1,2,-3,memory,2
79.5,2.47,2,3,1,routine,3
57.3,2.74,3,4,-1,routine,3
59.0,4.64,2,4,-2,attention,3
93.1,3.23,0,4,0,memory,4
57.9,1.56,1,3,0,memory,3
41.3,1.87,5,3,3,pattern,2
53.8,3.6,5,5,0,pattern,4
95.8,1.13,0,1,0,memory,2
62.7,4.51,6,4,1,memory,3
72.8,3.17,2,4,3,memory,4
72.2,2.63,1,4,2,attention,4
61.0,2.38,5,3,-1,routine,2
100.0,1.5,0,1,-3,routine,2
82.2,2.94,2,3,2,memory,3
56.3,4.17,5,5,2,attention,4
84.1,1.47,1,1,1,attention,2
98.9,1.3,0,1,-1,pattern,2
44.1,2.77,3,4,1,pattern,3
77.7,2.45,2,3,-2,routine,3
74.0,2.02,2,1,0,pattern,1
81.3,2.41,2,4,0,pattern,4
100.0,1.72,1,1,2,memory,2
31.2,3.3,7,5,-1,pattern,4
82.8,2.54,3,3,-2,pattern,2
79.8,2.94,4,4,-3,pattern,3
63.3,3.83,3,5,1,attention,4
86.2,2.04,1,2,-1,attention,2
42.7,4.13,3,4,-2,pattern,3
72.1,3.11,3,5,0,attention,4
57.9,2.51,3,4,1,pattern,3
59.0,2.08,1,4,-2,memory,4
94.6,1.56,0,2,2,memory,3
49.9,2.86,5,4,3,pattern,3
93.1,1.48,1,2,-2,routine,3
64.7,2.61,2,3,-3,routine,2
100.0,1.81,0,1,0,pattern,2
67.7,3.26,4,4,-2,pattern,3
65.8,2.0,3,3,3,attention,3
87.8,2.02,2,2,2,attention,2
80.8,1.94,1,2,2,pattern,2
88.2,0.96,2,2,-2,memory,3
97.2,0.71,1,1,2,routine,2
83.7,3.41,1,4,3,pattern,4
55.0,3.65,2,5,2,memory,4
69.9,2.4,2,3,-2,memory,3
92.6,2.0,0,3,1,routine,4
88.0,0.72,1,2,0,attention,3
82.1,2.21,2,3,2,routine,3
60.9,2.65,7,5,-1,routine,4
66.5,3.14,2,2,1,pattern,1
68.3,1.96,3,2,-2,routine,2
71.6,2.46,2,4,2,pattern,4
51.2,3.25,3,4,0,attention,3
83.2,2.25,0,3,-1,routine,3
85.7,2.16,1,1,0,memory,1
61.6,3.4,2,5,1,memory,4
99.2,1.12,0,2,-3,memory,3
73.5,2.0,3,2,-1,pattern,2
71.0,3.61,0,4,2,pattern,4
86.2,1.52,1,1,0,pattern,2
66.4,2.98,1,3,-3,pattern,2
53.6,3.03,6,3,2,routine,2
73.2,3.09,1,5,-2,pattern,5
100.0,2.28,0,1,3,attention,2
98.7,1.79,0,1,3,memory,2
84.0,2.65,0,2,-1,pattern,2
98.3,3.13,0,3,-3,memory,3
100.0,1.27,1,1,-1,attention,2
88.5,3.49,1,3,1,attention,3
100.0,1.6,0,1,3,pattern,2
96.8,2.79,0,3,-2,pattern,3
83.8,1.51,2,1,2,attention,2
56.0,3.78,2,5,1,pattern,4
88.4,2.95,4,2,3,routine,2
52.5,3.11,5,5,2,memory,4
62.6,1.87,5,4,-2,routine,3
100.0,2.84,0,2,-2,routine,2
70.0,2.96,2,4,3,attention,4
72.0,3.57,2,5,-2,memory,4
80.0,4.06,2,5,-1,memory,4
51.8,2.79,4,5,1,attention,4
95.9,1.67,1,2,3,attention,3
81.6,3.36,0,4,3,pattern,4
75.7,3.61,7,4,1,attention,3
68.4,2.7,6,3,1,pattern,3
100.0,1.69,0,1,-1,attention,2
100.0,1.97,0,1,-2,routine,2
53.2,3.14,1,4,-1,attention,3
85.7,1.1,1,2,0,pattern,3
92.3,2.13,0,3,0,pattern,3
65.3,2.74,2,4,-1,routine,4
90.6,2.23,0,2,1,memory,3
92.8,1.46,0,2,0,memory,3
100.0,1.56,0,2,3,routine,3
53.3,4.09,5,5,3,attention,4
82.6,1.8,0,1,-3,memory,1
100.0,0.6,0,1,2,memory,2
55.1,3.0,0,5,-3,pattern,4
69.3,3.84,2,5,-2,memory,4
82.3,1.98,1,1,-1,routine,1
80.5,1.29,1,3,-3,pattern,3
69.1,3.48,2,5,1,routine,4
100.0,0.6,1,1,-3,routine,2
64.7,4.65,2,5,2,attention,4
100.0,2.45,0,2,-2,pattern,2
87.9,2.54,2,2,-3,memory,2
77.7,3.1,2,5,2,attention,5
91.8,0.94,0,1,1,pattern,2
79.3,1.5,2,2,-2,memory,2
100.0,0.6,1,1,2,attention,2
89.8,2.69,0,2,2,pattern,2
100.0,1.97,0,1,-3,pattern,2
75.3,1.87,2,1,3,attention,1
84.9,1.98,1,2,-1,pattern,2
100.0,1.1,0,2,3,routine,3
51.7,3.1,3,5,1,pattern,4
62.4,4.2,5,5,-1,routine,4
58.6,2.56,4,4,-2,pattern,3
61.3,2.91,4,5,0,attention,4
68.7,3.27,0,5,0,pattern,5
97.6,1.41,0,2,1,routine,3
88.0,3.48,2,4,1,attention,4
50.7,2.38,4,3,1,memory,2
73.1,1.16,1,3,0,attention,3
64.3,2.6,4,3,-3,routine,2
74.1,2.26,3,3,-1,attention,3
81.2,2.9,2,4,3,attention,4
70.4,2.87,4,3,1,routine,2
72.6,3.22,1,4,0,attention,4
91.6,3.59,0,4,2,pattern,4
69.7,3.12,3,5,-3,memory,4
98.5,3.99,1,3,1,memory,3
80.4,1.43,3,1,-3,routine,1
94.0,1.74,2,1,-1,memory,1
74.3,1.67,1,2,3,attention,2
83.1,1.54,1,1,-1,routine,1
92.7,1.07,1,1,-2,attention,2
70.6,3.73,5,5,0,memory,4
80.4,3.96,0,5,3,routine,5
87.4,2.28,1,2,2,attention,2
100.0,1.74,0,1,-3,attention,1
71.1,4.65,5,5,3,pattern,4
94.0,1.75,1,2,-3,attention,3
39.1,2.59,8,5,-2,memory,4
97.0,1.73,0,1,1,pattern,2
99.0,1.94,0,2,1,pattern,3
56.3,3.73,3,5,1,pattern,4
73.8,3.51,1,4,-1,attention,3
66.2,2.92,1,2,2,attention,2
66.8,2.84,3,4,1,pattern,3
59.7,4.19,2,5,3,pattern,4
92.2,2.1,1,2,1,memory,3
52.9,2.86,1,4,3,pattern,4
64.8,3.98,2,5,-1,pattern,4
76.8,2.7,1,5,1,memory,5
91.0,0.6,0,1,-3,memory,2
88.2,3.18,0,3,1,memory,3
97.4,0.91,0,2,-1,memory,3
82.9,3.17,4,3,-2,pattern,2
99.9,3.34,0,4,-2,routine,4
65.2,3.99,4,4,-3,pattern,3
66.8,3.57,5,5,0,attention,4
100.0,0.95,0,1,2,pattern,2
63.3,3.23,3,5,-3,attention,4
99.9,1.22,1,1,-2,pattern,2
74.5,1.92,1,3,0,pattern,3
77.9,3.53,1,4,1,pattern,4
84.3,2.71,1,3,3,memory,3
69.1,4.08,2,5,0,attention,4
73.4,2.51,4,4,-1,attention,3
94.9,1.79,1,1,1,pattern,2
77.8,2.98,2,4,0,pattern,4
88.4,2.49,3,3,3,pattern,3
71.7,1.51,6,3,-2,pattern,2
65.0,2.61,7,4,-3,routine,3
100.0,1.36,0,1,-3,attention,2
63.3,3.37,2,5,3,attention,5
75.1,2.4,1,3,-1,attention,3
79.6,3.82,1,4,0,attention,4
100.0,1.69,1,1,3,attention,2
83.5,5.13,1,5,-1,memory,4
97.7,2.35,0,2,-3,memory,2
94.8,0.6,0,1,0,memory,2
65.9,3.87,1,5,1,routine,4
73.1,2.01,0,1,-2,memory,1
67.7,1.92,1,1,-3,pattern,1
76.1,2.47,5,2,-3,memory,1
77.4,1.95,2,2,-3,routine,2
86.7,3.0,0,4,-3,pattern,4
70.2,1.55,1,2,3,memory,3
100.0,1.4,0,1,-3,attention,2
61.5,2.55,1,2,-2,attention,1
90.4,3.12,1,4,-2,attention,4
78.3,1.21,3,4,2,attention,4
88.2,2.53,2,3,0,routine,3
85.0,1.94,1,2,3,attention,3
77.0,3.05,3,4,3,pattern,4
91.7,1.82,1,2,1,pattern,3
100.0,1.46,0,1,2,routine,2
70.3,3.53,1,4,-3,attention,3
56.6,4.19,3,4,-2,attention,3
92.2,2.16,0,1,-2,routine,1
80.1,2.8,1,3,2,pattern,3
65.2,1.92,2,3,-3,memory,3
95.7,2.46,0,4,-3,attention,4
52.6,2.72,2,3,1,attention,2
86.8,1.63,0,1,2,attention,2
100.0,2.11,2,1,-2,attention,1
88.3,2.55,3,1,-2,routine,1
75.7,2.37,0,3,0,pattern,3
71.2,1.32,0,2,2,memory,3
100.0,2.07,0,1,-3,memory,1
76.9,3.77,2,4,-2,attention,3
100.0,1.49,1,1,-1,routine,2
67.3,4.68,3,5,3,routine,4
100.0,1.62,0,2,2,memory,3
100.0,1.5,0,3,2,attention,4
66.4,3.12,4,5,3,memory,4
86.9,1.89,0,4,3,routine,5
65.9,3.04,4,5,0,attention,4
61.6,2.64,6,3,1,pattern,2
65.5,2.92,3,4,-1,routine,3
53.0,3.59,4,5,0,memory,4
79.5,2.73,2,2,-1,attention,2
97.8,1.58,1,2,-1,attention,3
71.3,2.82,2,4,-1,memory,4
61.8,4.58,5,5,-1,attention,4
81.2,2.74,2,2,0,pattern,2
75.8,2.93,2,3,-3,memory,2
79.1,1.83,2,3,-1,routine,3
49.2,3.76,3,5,-3,attention,4
100.0,1.43,0,1,3,attention,2
61.1,2.34,3,2,1,memory,2
59.5,3.04,3,4,-2,pattern,3
56.0,3.07,4,4,0,memory,3
100.0,1.44,0,3,-3,pattern,4
85.7,3.05,1,4,0,attention,4
80.6,1.45,3,2,-3,pattern,2
85.5,1.74,1,2,3,attention,3
60.0,2.43,5,5,3,routine,4
53.3,2.91,3,5,3,memory,4
61.2,4.24,4,4,-1,memory,3
100.0,1.34,0,1,-1,memory,2
100.0,0.9,0,1,0,attention,2
73.6,2.58,4,3,-3,pattern,2
76.3,2.44,3,2,-3,routine,1
62.2,2.66,2,5,-2,memory,4
63.8,1.88,5,3,-1,pattern,2
49.4,3.11,8,5,1,attention,4
78.6,2.88,2,3,2,pattern,3
100.0,1.84,0,2,2,memory,3
100.0,2.2,0,2,2,pattern,3
88.0,3.37,0,4,3,attention,4
71.4,4.03,2,4,-2,routine,3
91.1,1.7,0,1,-2,memory,2
82.2,2.27,1,3,-1,pattern,3
71.9,2.26,2,4,-3,routine,4
74.0,3.1,2,4,2,pattern,4
92.0,1.37,0,1,-3,pattern,2
78.9,2.66,2,4,2,routine,4
73.9,1.97,2,2,-1,pattern,2
97.8,3.75,1,4,-2,attention,4
72.3,2.56,2,3,0,memory,3
77.3,1.34,2,3,-3,routine,3
96.0,2.64,0,2,0,memory,3
74.0,3.73,1,5,0,pattern,5
81.9,2.63,0,5,-2,attention,5
76.2,2.31,1,3,-2,memory,3
62.5,3.48,6,5,-1,attention,4
86.5,2.36,0,3,-2,attention,3
100.0,1.23,1,1,1,attention,2
90.5,0.75,1,1,-1,pattern,2
86.1,2.35,0,2,-3,attention,2
47.6,2.73,1,4,-3,routine,3
82.4,2.11,2,3,0,routine,3
87.7,1.19,0,1,2,pattern,2
97.6,1.82,0,2,0,memory,3
62.9,2.41,3,3,0,pattern,2
100.0,1.85,0,1,-1,memory,2
71.9,2.42,3,3,1,pattern,3
92.0,1.18,1,1,0,attention,2
63.0,2.55,6,3,1,attention,2
95.2,1.03,0,1,-3,pattern,2
100.0,1.22,1,1,0,memory,2
84.4,2.64,2,2,0,pattern,2
62.4,2.84,1,4,-2,pattern,3
69.2,2.79,3,5,3,pattern,5
93.6,3.06,1,2,1,pattern,2
66.3,2.49,2,2,-3,attention,1
72.2,2.37,2,2,1,memory,2
61.6,4.04,2,4,0,attention,3
74.9,2.98,0,3,3,memory,3
69.6,1.91,3,3,-1,attention,3
84.5,2.65,0,4,-2,memory,4
60.4,4.6,5,5,3,pattern,4
75.1,3.14,3,5,-1,pattern,4
91.3,1.9,2,1,1,attention,1
86.2,2.46,1,3,-3,routine,3
89.6,2.27,2,3,2,routine,4
78.4,3.56,2,3,3,attention,3
76.0,3.04,3,5,2,routine,5
89.4,2.78,1,4,-2,routine,4
95.9,1.77,0,2,-2,routine,3
100.0,2.29,0,3,3,attention,4
75.6,3.43,2,5,3,memory,5
80.3,2.77,2,4,-2,pattern,4
88.5,1.47,0,1,-3,routine,1
50.9,4.91,9,5,2,routine,4
91.2,1.69,1,2,-3,attention,2
79.9,2.96,0,4,0,memory,4
42.2,3.26,4,3,3,pattern,2
71.1,2.4,1,4,0,memory,4
100.0,1.55,1,1,-3,memory,2
77.7,2.15,1,1,-1,pattern,1
72.1,2.97,1,5,3,memory,5
84.2,2.48,1,2,3,memory,2
94.6,2.1,2,1,-3,memory,1
60.8,3.06,4,4,-2,routine,3
96.1,1.38,0,2,2,pattern,3
78.6,2.64,1,4,1,pattern,4
74.0,2.3,2,3,2,routine,3
94.6,0.91,0,1,2,attention,2
46.2,3.99,7,5,1,attention,4
64.3,3.22,0,4,-1,routine,4
100.0,2.46,0,2,-1,routine,3
71.5,3.38,1,5,-3,attention,4
50.7,3.53,4,3,-3,routine,2
76.0,3.63,5,5,3,routine,5
100.0,1.66,0,2,2,routine,3
83.8,1.83,3,3,0,pattern,3
100.0,2.15,0,1,0,routine,2
92.6,1.12,1,2,0,attention,3
67.7,1.05,2,2,1,attention,2
90.3,1.59,1,1,-1,routine,1
72.5,3.73,2,4,-3,routine,3
100.0,1.62,0,1,-3,memory,2
87.9,1.76,2,2,1,routine,3
79.5,1.58,1,1,0,memory,1
77.9,3.44,0,4,-3,memory,4
100.0,2.31,0,2,2,memory,3
64.1,3.9,4,4,1,attention,3
82.2,1.7,1,4,2,routine,5
71.6,3.71,2,4,0,attention,3
93.7,3.12,2,3,-2,memory,3
100.0,1.47,1,1,-3,attention,2
67.0,4.24,5,5,-2,pattern,4
69.4,3.25,3,4,-2,routine,3
97.2,0.6,0,1,0,pattern,2
54.1,3.36,6,4,1,memory,3
95.2,1.59,0,1,0,attention,2
61.8,2.67,4,4,1,pattern,3
89.7,2.47,0,1,-2,routine,1
100.0,2.23,1,1,-2,attention,1
74.0,3.08,1,4,1,routine,4
79.3,2.96,1,3,-2,memory,3
85.3,1.95,0,2,1,memory,3
76.3,2.94,1,4,1,memory,4
81.7,2.15,2,2,-2,memory,2
56.7,2.86,5,5,2,memory,4
100.0,1.94,0,1,1,attention,2
100.0,2.46,0,2,-3,routine,2
81.5,1.61,0,1,-3,memory,1
58.5,3.45,5,5,2,pattern,4
80.4,1.74,2,3,2,routine,4
62.9,3.23,4,4,-3,memory,3
100.0,0.6,0,1,0,memory,2
89.9,2.2,2,3,-2,pattern,3
91.3,2.5,0,1,-3,memory,1
100.0,2.68,0,2,3,pattern,3
88.5,1.87,0,1,1,attention,2
77.5,1.78,2,1,1,attention,1
84.8,2.43,2,4,1,memory,4
81.5,3.14,2,5,2,attention,5
76.7,2.16,4,2,-2,routine,1
93.6,1.47,0,1,2,memory,2
86.2,1.33,1,1,2,pattern,2
78.8,1.77,1,3,-3,routine,3
65.5,3.38,4,3,1,pattern,2
100.0,2.78,0,4,0,pattern,5
100.0,0.89,0,1,-1,memory,2
76.6,2.53,1,3,2,routine,3
100.0,1.87,1,1,-1,routine,2
74.6,2.09,3,2,-2,attention,2
93.8,2.48,1,3,1,attention,4
79.2,3.36,4,4,1,memory,3
91.9,1.46,0,1,1,pattern,2
77.1,2.92,0,3,3,memory,3
72.2,1.94,0,2,2,memory,2
65.7,1.84,3,1,-2,pattern,1
52.1,5.18,8,5,-3,routine,4
86.0,1.32,2,1,0,attention,2
89.5,1.13,1,2,-2,attention,3
100.0,2.87,1,2,-1,attention,2
72.3,2.55,0,4,-2,routine,4
49.6,3.43,4,5,-3,pattern,4
88.2,1.57,0,3,2,routine,4
63.3,2.97,1,4,1,routine,4
88.4,2.27,0,2,0,memory,3
89.3,2.23,1,2,2,memory,3
50.7,3.61,6,5,2,routine,4
84.5,1.9,5,2,0,pattern,2
56.8,2.43,3,5,-3,attention,4
40.9,3.02,4,5,-2,memory,4
77.4,2.97,1,3,1,attention,3
92.2,2.29,0,2,1,attention,3
92.1,2.36,2,2,-1,memory,2
92.4,3.87,0,2,-3,routine,2
83.3,1.26,2,1,1,memory,2
88.1,2.78,0,3,-1,memory,3
87.0,2.95,3,3,3,pattern,3
69.3,2.29,4,3,2,pattern,2
100.0,1.17,1,1,1,attention,2
100.0,1.99,1,2,-3,attention,2
100.0,1.23,0,1,3,attention,2
67.5,3.19,3,3,3,attention,2
82.3,2.56,1,2,-1,pattern,2
72.0,3.4,3,5,-2,memory,4
80.7,1.07,1,2,2,pattern,3
80.0,2.84,0,4,-1,routine,4
79.1,2.69,2,3,-1,routine,3
65.2,3.58,2,4,1,routine,3
66.8,3.52,2,4,-1,pattern,3
77.3,1.37,3,3,-1,pattern,3
81.7,1.25,1,1,0,memory,2
76.6,1.67,1,2,0,routine,2
96.7,3.13,0,4,2,pattern,5
55.6,2.88,3,4,-3,routine,3
72.6,1.05,1,1,-3,routine,1
82.0,2.22,2,3,3,pattern,3
100.0,1.7,0,2,-3,pattern,3
75.4,2.55,2,3,-3,routine,2
56.2,4.12,7,5,3,routine,4
46.2,2.81,6,4,-1,routine,3
81.1,2.91,0,5,2,attention,5
79.8,2.34,0,2,1,routine,2
92.3,2.01,0,1,-3,memory,1
65.2,2.28,3,5,-2,attention,4
39.8,3.58,4,5,-1,memory,4
70.3,3.74,3,4,-3,pattern,3
50.1,3.46,2,5,-2,routine,4
88.8,3.37,1,5,2,memory,5
44.4,3.4,7,5,-1,routine,4
93.2,0.67,0,1,-1,pattern,2
67.7,3.57,0,5,2,routine,5
87.6,2.12,3,3,0,memory,3
98.9,2.09,0,2,-1,attention,3
68.7,3.69,2,4,-2,pattern,3
100.0,1.29,0,2,1,attention,3
63.1,2.07,2,5,-1,memory,5
67.7,2.6,3,5,-2,routine,4
81.1,2.51,4,3,1,attention,3
86.4,1.9,0,2,-2,pattern,2
76.7,2.49,1,3,3,attention,3
69.2,3.01,3,5,2,memory,4
63.6,2.17,1,4,3,routine,4
90.4,1.14,1,1,-2,attention,2
100.0,1.18,1,1,-2,routine,2
87.9,2.84,0,3,0,pattern,3
83.9,1.9,3,2,1,pattern,2
100.0,1.99,1,2,2,attention,3
87.2,1.53,1,2,2,routine,3
73.8,3.06,5,5,2,attention,4
89.4,1.91,0,2,0,memory,3
82.0,2.77,2,2,3,memory,2
61.3,3.7,6,5,-3,attention,4
94.5,1.51,0,2,3,attention,3
78.9,3.95,3,4,1,memory,3
81.6,2.5,2,3,2,attention,3
58.6,3.58,7,5,0,pattern,4
67.0,4.24,2,5,-2,routine,4
68.8,1.99,4,4,1,memory,4
76.8,4.44,0,5,2,routine,5
89.1,0.94,1,1,-1,memory,2
64.6,3.82,3,5,0,memory,4
90.3,2.99,2,2,1,routine,2
91.4,0.6,0,2,-3,routine,3
89.6,2.63,0,3,-2,pattern,3
79.4,2.76,1,2,0,routine,2
85.5,2.7,4,3,-1,pattern,3
54.4,3.12,5,4,2,routine,3
64.6,2.38,2,3,0,memory,3
93.6,4.92,0,3,2,memory,3
68.4,2.68,0,4,-1,memory,4
85.1,1.28,2,2,0,pattern,3
61.1,2.93,1,4,-1,memory,4
81.4,2.33,2,2,3,memory,2
53.5,4.32,5,5,-3,memory,4
59.5,3.39,3,4,-1,pattern,3
92.7,2.59,1,2,0,attention,2
76.3,3.38,3,4,0,pattern,3
74.1,1.52,2,1,1,attention,1
100.0,2.65,0,2,0,attention,2
78.8,1.57,2,2,-1,memory,2
69.1,2.88,2,4,2,attention,4
72.4,3.05,3,2,-1,attention,1
72.3,3.16,5,3,1,pattern,2
86.4,2.79,3,4,3,memory,4
86.1,1.9,3,3,-3,memory,3
87.6,0.96,0,1,2,attention,2
85.9,1.69,1,3,-2,memory,3
79.9,2.4,3,3,1,pattern,3
59.0,3.24,1,4,-3,attention,3
75.7,1.32,0,2,-3,routine,2
93.0,1.18,2,1,1,pattern,2
82.3,1.57,2,3,1,memory,3
95.0,1.79,1,3,2,memory,4
94.4,2.68,0,2,-2,routine,2
71.5,3.74,4,5,-1,routine,4
79.2,2.28,3,2,-2,memory,2
62.1,3.34,4,5,-1,pattern,4
70.0,2.38,4,2,3,pattern,2
68.5,3.79,4,5,-3,routine,4
93.5,1.87,0,2,1,routine,3
80.7,2.85,0,1,-2,routine,1
100.0,1.44,0,1,-2,routine,2
62.6,2.76,8,5,-1,pattern,4
50.3,1.19,5,3,-1,routine,2
70.8,2.66,4,4,1,attention,4
100.0,0.6,0,1,-2,attention,2
71.5,1.44,3,1,1,memory,1
100.0,1.78,0,2,0,routine,3
76.8,2.77,0,4,-2,attention,4
73.3,3.2,2,3,1,attention,3
96.3,0.6,0,1,3,pattern,2
77.7,1.45,2,2,1,pattern,2
76.1,3.17,4,4,-1,memory,3
93.4,2.55,0,3,-3,memory,3
82.7,3.01,0,3,-2,attention,3
51.2,4.3,5,5,-1,memory,4
99.8,1.69,0,2,2,attention,3
95.9,1.66,0,2,-2,attention,3
72.8,2.19,1,4,-3,attention,4
79.2,2.84,4,3,-2,attention,2
95.5,2.23,0,4,-1,routine,5
100.0,1.55,0,1,-3,memory,2
87.0,0.6,0,1,0,attention,2
82.0,1.85,0,2,-3,pattern,2
96.7,2.02,0,2,1,memory,3
71.6,2.82,1,4,2,pattern,4
90.6,1.31,0,1,0,routine,2
63.0,3.56,3,5,2,routine,4
83.1,1.97,2,2,2,pattern,2
97.3,1.56,0,1,2,pattern,2
100.0,1.68,0,1,2,routine,2
88.8,2.54,2,4,0,routine,4
90.0,1.82,0,2,3,pattern,3
74.0,3.42,4,5,-2,routine,4
96.5,1.52,0,1,-3,memory,2
71.4,0.89,2,1,2,memory,2
100.0,0.92,0,2,-1,attention,3
77.7,3.86,3,5,3,pattern,5
68.6,2.92,1,4,3,memory,4
91.8,2.5,4,2,0,memory,2
51.6,4.81,10,5,2,routine,4
64.1,2.29,1,4,0,pattern,4
62.0,3.63,1,4,-1,memory,3
78.1,2.53,4,2,2,attention,2
89.5,1.34,2,1,-1,memory,1
57.4,2.06,2,4,-1,routine,4
86.2,2.86,1,3,-3,routine,3
63.4,3.95,4,5,-1,memory,4
91.1,0.69,1,1,-1,routine,2
98.4,3.14,0,4,2,pattern,5
94.1,1.43,0,2,-1,routine,3
78.7,3.7,2,4,-1,pattern,3
87.1,2.72,1,2,3,attention,3
56.6,2.69,2,5,-2,memory,4
80.0,2.85,2,2,3,pattern,2
100.0,1.92,1,1,-3,routine,1
100.0,1.49,0,1,-2,routine,2
88.5,3.39,1,3,1,memory,3
68.7,1.22,4,2,1,pattern,2
86.6,3.08,1,5,-1,routine,5
74.8,2.09,3,3,-3,attention,3
96.6,1.2,0,1,-3,routine,2
76.6,1.6,2,3,3,routine,3
94.2,1.76,0,1,-1,routine,2
92.1,2.98,0,2,-3,routine,2
89.2,3.61,0,4,3,pattern,4
100.0,2.19,0,1,1,memory,2
60.7,3.29,6,5,1,attention,4
69.4,4.56,3,5,1,memory,4
75.7,2.44,2,3,3,attention,3
87.2,1.5,0,3,1,attention,4
75.2,1.58,3,1,-1,attention,1
88.6,3.28,3,3,0,routine,3
64.7,2.18,2,3,3,attention,3
64.8,3.42,4,3,-1,routine,2
64.8,3.87,1,4,-3,routine,3
74.6,2.16,4,2,-1,memory,1
100.0,2.58,0,1,-2,memory,2
72.1,2.39,4,3,0,attention,3
52.6,4.77,4,5,-1,memory,4
73.0,1.38,5,3,-1,pattern,3
73.9,2.34,2,2,1,attention,2
71.0,2.71,1,4,-3,routine,3
91.1,2.47,0,1,1,attention,2
95.2,1.8,0,3,1,pattern,4
60.6,4.05,1,4,0,memory,3
94.6,3.07,0,3,-1,attention,3
38.2,4.12,2,5,1,attention,4
76.4,2.63,2,1,0,attention,1
55.0,2.96,7,4,-1,pattern,3
89.5,2.22,0,2,-2,attention,2
65.8,2.94,1,3,-2,routine,2
73.8,2.51,3,5,0,memory,5
85.2,4.64,1,4,2,memory,3
81.7,2.88,0,5,3,routine,5
90.1,1.54,0,1,2,pattern,2
73.2,4.28,2,4,-3,routine,3
100.0,1.53,0,1,-1,memory,2
88.2,3.56,1,3,-3,attention,3
77.8,2.81,3,5,2,attention,5
54.2,2.72,6,5,2,routine,4
100.0,1.76,1,1,1,attention,2
100.0,1.0,0,2,-3,memory,3
100.0,1.15,0,1,-3,memory,2
89.1,1.09,0,1,-2,memory,2
66.3,3.21,2,4,-3,memory,3
89.2,2.65,2,2,3,pattern,3
70.4,3.87,3,4,0,routine,3
54.6,3.11,4,4,3,memory,3
24.7,3.46,7,5,1,routine,4
100.0,1.56,0,1,-3,attention,2
60.9,3.27,4,5,1,routine,4
76.0,3.86,1,5,-3,pattern,4
92.8,0.85,2,1,2,memory,2
55.5,4.27,3,5,-2,attention,4
58.5,4.18,6,5,0,attention,4
66.6,3.6,7,4,0,pattern,3
47.4,2.22,4,4,1,memory,3
90.1,1.42,2,2,0,memory,2
39.8,2.23,5,3,-2,routine,2
80.8,2.2,2,3,0,memory,3
80.4,1.01,2,1,3,pattern,2
52.5,2.78,4,3,1,memory,2
80.3,2.99,0,4,1,memory,4
100.0,3.94,0,2,2,pattern,2
67.9,1.74,0,3,-2,routine,3
86.3,1.84,1,1,3,pattern,2
54.7,2.46,6,3,-1,attention,2
51.4,2.49,1,5,1,memory,5
95.9,2.6,0,3,-2,memory,3
87.0,1.59,0,2,0,pattern,3
99.2,1.5,0,1,1,attention,2
93.6,0.93,0,1,3,memory,2
61.4,3.41,2,5,1,memory,4
92.1,1.94,2,1,-3,routine,1
56.5,1.65,4,3,3,memory,3
72.4,2.01,1,3,3,routine,3
84.5,1.25,0,1,1,pattern,2
84.5,1.6,1,2,0,memory,3
55.7,4.45,3,5,1,memory,4
56.0,3.23,3,4,1,memory,3
96.1,2.8,1,2,-3,memory,2
83.9,2.11,1,2,-3,routine,2
66.0,4.02,3,5,0,memory,4
62.7,3.23,6,4,-1,memory,3
94.8,0.99,1,1,0,pattern,2
49.3,2.86,7,4,2,attention,3
95.5,2.28,1,2,-3,routine,2
49.0,4.71,5,5,-1,memory,4
85.6,0.96,1,1,-1,attention,2
53.8,2.31,10,4,-2,pattern,3
73.9,2.86,0,3,-1,routine,3
66.1,3.58,3,5,-3,attention,4
86.8,1.88,1,3,2,memory,4
63.4,2.27,2,3,0,attention,3
74.0,2.82,5,3,2,pattern,2
58.8,2.92,0,3,-3,pattern,2
70.8,1.05,2,1,0,attention,1
68.8,2.98,2,4,1,pattern,4
45.0,2.88,9,3,-2,memory,2
46.7,3.64,4,5,2,memory,4
100.0,2.74,0,3,-3,memory,3
71.4,2.17,0,3,3,attention,3
89.4,1.86,0,1,2,attention,2
90.0,1.85,0,1,2,pattern,2
72.5,2.89,1,4,-2,attention,4
61.9,1.27,0,2,2,memory,3
84.1,1.71,0,2,1,memory,3
97.5,2.28,0,3,-2,memory,3
60.9,2.84,4,3,1,attention,2
68.7,3.48,5,5,-2,attention,4
64.3,4.07,4,5,3,pattern,4
100.0,2.44,0,1,2,memory,2
46.4,3.68,3,5,1,routine,4
54.3,2.11,1,2,3,pattern,2
87.0,2.32,1,2,0,attention,2
69.3,3.51,3,5,3,routine,5
69.0,1.23,3,2,-2,routine,2
95.5,3.35,1,2,2,memory,2
94.5,1.58,1,1,1,routine,2
53.7,4.07,4,5,1,pattern,4
100.0,1.94,1,1,0,pattern,2
71.3,3.69,2,4,-1,memory,3
85.9,3.13,0,3,-2,memory,3
99.8,1.24,0,1,0,pattern,2
87.9,3.36,1,4,1,memory,4
84.5,1.58,1,2,1,routine,2
86.8,3.0,0,3,-1,memory,3
71.6,3.81,5,4,-3,attention,3
76.9,2.05,1,2,0,pattern,2
100.0,1.2,0,1,3,pattern,2
48.6,3.63,3,5,3,routine,4
91.9,2.41,1,1,2,routine,2
99.9,3.71,0,3,2,attention,3
84.7,2.66,1,2,2,memory,2
64.4,2.68,1,2,0,pattern,2
89.9,1.31,0,2,0,attention,3
92.5,1.66,1,1,0,routine,2
73.4,3.6,1,4,2,attention,4
78.1,2.38,1,3,-2,memory,3
70.9,2.2,4,4,1,pattern,4
43.3,3.1,6,5,-3,pattern,4
89.7,0.71,0,1,1,memory,2
54.9,2.92,3,4,2,pattern,3
57.8,2.66,3,5,-1,routine,4
77.5,2.58,3,4,2,pattern,4
91.2,1.16,2,1,-2,attention,2
73.6,3.09,2,4,-3,routine,3
39.3,4.27,9,5,0,attention,4
81.8,2.12,3,3,3,memory,3
86.0,1.51,0,1,-2,attention,2
100.0,1.42,1,1,3,attention,2
82.0,3.15,2,3,3,memory,3
72.2,1.85,2,2,2,memory,2
83.3,0.6,1,1,-2,attention,2
83.7,1.84,1,1,-1,memory,1
95.0,1.58,0,1,2,routine,2
81.8,2.61,1,3,2,routine,3
69.8,3.01,1,5,0,attention,5
74.4,3.2,0,3,3,attention,3
100.0,2.11,0,1,0,memory,2
61.6,1.94,0,4,-3,attention,4
75.9,3.45,4,5,1,pattern,4
69.3,1.41,1,1,0,attention,1
66.5,1.73,2,3,-2,memory,3
82.6,2.93,4,3,2,attention,3
94.2,1.55,0,1,1,attention,2
58.8,3.54,3,4,-2,memory,3
66.7,2.46,0,2,2,attention,2
61.2,2.58,5,4,3,attention,3
100.0,1.68,0,2,-3,memory,3
74.8,3.36,2,4,-1,memory,3
54.6,2.92,3,5,2,routine,4
99.6,0.9,0,2,2,attention,3
92.7,0.79,0,1,-2,attention,2
64.0,2.01,5,3,2,memory,2
87.3,2.05,1,3,-1,memory,3
99.3,0.6,0,1,-3,pattern,2
81.3,3.74,2,5,3,routine,5
41.9,4.33,0,5,-2,pattern,4
71.7,1.92,3,2,0,memory,2
72.2,1.96,3,3,1,routine,3
46.8,3.27,6,5,-2,attention,4
76.0,2.39,3,4,0,routine,4
54.9,2.65,4,4,0,memory,3
92.2,1.4,0,2,2,routine,3
90.3,3.0,0,3,3,routine,4
92.6,3.07,0,1,-1,routine,1
100.0,1.96,0,1,1,pattern,2
98.4,1.43,0,1,-3,pattern,2
62.4,2.46,1,5,-3,routine,4
60.4,3.52,0,5,1,memory,5
89.6,1.04,1,1,3,memory,2
45.5,3.2,3,5,-2,pattern,4
56.6,2.95,3,4,0,routine,3
93.3,2.52,0,2,3,pattern,3
73.3,2.62,0,2,1,routine,2
84.0,2.98,2,2,-3,memory,2
91.4,2.18,0,2,2,pattern,3
72.9,4.18,2,4,1,routine,3
95.3,0.74,0,1,-3,routine,2
96.8,2.61,0,2,-1,pattern,3
100.0,1.82,0,1,2,pattern,2
62.4,4.2,5,5,1,routine,4
75.1,3.84,3,5,3,memory,4
62.3,2.64,1,5,2,pattern,5
63.7,3.38,3,4,-1,pattern,3
70.1,0.75,5,3,3,pattern,3
84.9,2.31,1,3,3,attention,4
89.1,2.35,2,2,2,routine,2
86.1,2.19,1,4,0,pattern,4
78.1,1.79,3,1,-2,routine,1
78.0,3.55,1,5,1,pattern,5
76.9,4.15,3,5,-2,attention,4
85.5,2.35,1,3,2,memory,3
62.0,2.67,4,5,-1,routine,4
73.2,3.56,3,3,-1,attention,2
59.7,1.94,4,2,3,routine,2
64.7,2.77,2,5,0,pattern,5
78.0,1.18,3,2,-1,pattern,2
62.7,1.56,2,3,1,memory,3
71.9,3.1,0,4,3,pattern,4
69.7,3.08,6,5,0,routine,4
90.1,1.28,1,1,-2,pattern,2
80.6,2.08,2,2,-1,pattern,2
58.9,3.08,1,2,2,memory,2
81.6,0.89,2,1,-2,pattern,1
100.0,1.1,0,1,2,attention,2
55.4,2.92,7,5,1,memory,4
79.6,3.57,4,4,-3,attention,3
74.0,3.62,4,4,0,attention,3
90.5,1.94,1,2,1,attention,3
82.7,2.22,0,3,0,routine,4
100.0,1.67,1,1,2,pattern,2
100.0,1.57,0,1,-1,attention,2
95.5,0.81,1,1,2,pattern,2
60.9,4.77,3,5,-2,attention,4
81.2,3.16,4,3,-2,routine,2
46.7,3.04,5,4,0,attention,3
56.4,2.63,6,5,1,routine,4
100.0,1.47,0,2,-3,memory,3
79.5,1.43,1,1,3,attention,2
87.8,1.88,1,3,2,memory,4
98.3,1.97,0,1,-3,attention,2
80.4,2.11,1,2,-3,pattern,2
43.0,2.66,4,4,-3,pattern,3
80.7,1.61,2,3,-3,routine,3
100.0,1.17,0,1,-1,routine,2
76.9,1.39,2,2,2,routine,3
62.9,2.52,5,4,3,pattern,3
61.8,4.02,4,5,-1,memory,4
77.1,3.41,3,4,-2,pattern,3
76.0,4.06,1,5,-2,attention,4
75.6,3.79,1,5,-3,routine,4
54.1,2.89,5,5,-1,routine,4
66.8,3.12,2,5,-3,memory,4
91.9,2.0,2,1,-1,pattern,1
47.6,4.07,2,5,3,memory,4
100.0,3.16,0,3,1,memory,3
68.0,1.82,4,4,3,routine,4
100.0,1.5,1,1,-2,routine,2
64.5,2.14,4,3,0,routine,3
64.4,3.95,6,5,3,routine,4
70.2,3.11,6,4,0,attention,3
80.5,3.69,2,4,3,attention,4
57.5,2.32,3,4,-3,pattern,3
59.3,3.09,7,4,2,routine,3
53.0,3.39,6,4,2,pattern,3
63.9,3.83,2,5,-1,routine,4
74.0,3.9,0,5,2,routine,5
80.9,3.48,2,5,-3,routine,4
72.5,2.3,4,2,0,routine,2
72.1,3.46,1,4,1,memory,4
82.4,1.44,1,2,3,memory,3
80.8,1.66,1,2,0,attention,2
96.9,1.64,0,1,-1,pattern,2
100.0,1.37,0,2,1,routine,3
65.9,4.7,4,5,-3,memory,4
80.0,1.71,3,2,3,pattern,2
68.1,3.08,1,5,2,pattern,5
54.4,2.82,5,5,-3,attention,4
79.4,3.07,1,4,-3,routine,4
89.5,2.08,1,2,2,memory,3
44.5,2.9,3,3,-1,pattern,2
90.7,1.19,2,1,-3,memory,2
84.0,1.34,0,1,-1,attention,1
62.9,3.83,2,4,-1,memory,3
55.8,3.34,3,5,-2,memory,4
79.5,2.51,1,4,-3,routine,4
83.5,3.55,3,3,2,routine,3
90.6,2.94,0,3,2,memory,3
94.6,2.2,1,2,3,pattern,3
91.8,2.44,1,2,-1,pattern,2
88.9,1.8,0,1,-3,routine,2
68.2,3.21,1,4,-3,pattern,3
71.9,3.51,2,4,2,attention,4
95.5,1.53,0,1,2,routine,2
70.6,2.98,1,2,1,memory,2
79.1,3.17,0,2,-1,routine,2
82.9,4.12,3,5,2,memory,4
68.8,2.42,2,4,0,attention,4
86.7,3.56,0,3,0,pattern,3
85.3,3.49,1,3,2,pattern,3
82.2,2.9,0,3,0,routine,3
73.5,1.99,1,3,-2,routine,3
100.0,1.9,0,2,-3,memory,3
93.1,3.17,0,3,1,memory,4
65.5,3.85,3,4,-2,routine,3
100.0,1.05,0,1,1,routine,2
87.0,1.36,4,2,1,routine,2
76.3,3.66,2,5,3,memory,5
96.6,1.96,0,1,-1,pattern,2
86.2,3.82,0,2,-2,attention,2
67.5,3.76,4,3,-3,pattern,2
100.0,1.61,0,1,0,pattern,2
89.9,0.76,1,1,-1,memory,2
100.0,1.23,0,1,2,memory,2
88.5,1.64,1,1,0,routine,2
100.0,1.41,0,1,0,pattern,2
86.5,2.43,1,3,-2,pattern,3
69.0,1.99,0,3,-3,routine,3
89.0,1.65,0,1,1,attention,2
70.3,2.53,2,3,0,attention,3
60.6,2.25,7,3,0,routine,2
100.0,1.18,0,1,0,attention,2
89.4,0.95,3,1,-2,pattern,1
56.6,2.74,3,4,2,memory,4
84.1,1.19,1,2,2,memory,3
88.2,1.7,1,1,0,memory,2
80.1,3.37,1,5,2,attention,5
83.7,1.94,4,2,-1,memory,2
57.7,3.16,0,5,-2,memory,4
80.2,2.25,3,3,-2,routine,3
69.9,2.46,1,2,-1,attention,2
100.0,1.32,1,1,0,pattern,2
54.3,3.31,4,5,1,pattern,4
100.0,0.6,0,1,3,memory,2
82.6,1.82,2,2,0,routine,2
46.5,3.54,5,5,3,attention,4
92.8,2.82,1,3,3,pattern,3
91.2,1.37,1,1,-2,pattern,2
77.4,3.0,1,3,1,attention,3
95.1,2.54,1,2,-1,attention,2
80.5,3.2,1,4,-1,attention,4
59.3,2.89,3,4,-1,routine,3
48.6,3.13,2,5,1,pattern,4
92.6,2.98,1,3,-2,routine,3
90.6,1.16,0,1,3,routine,2
93.0,1.62,1,2,3,attention,3
91.1,2.93,0,1,3,routine,2
100.0,2.12,0,2,1,attention,3
55.1,3.93,2,5,-1,routine,4
75.2,2.72,2,2,-1,memory,2
91.4,2.19,1,2,0,routine,2
83.6,3.14,2,2,3,pattern,2
80.4,0.6,2,1,-1,memory,1
76.2,1.81,6,3,-3,attention,2
100.0,1.04,0,1,1,attention,2
99.4,2.27,0,2,-2,pattern,3
98.7,1.74,0,2,1,attention,3
52.5,3.64,7,5,-2,pattern,4
78.1,1.51,2,3,2,routine,3
80.3,1.48,3,2,-1,attention,2
68.8,3.42,1,3,1,memory,3
95.4,1.69,1,2,3,attention,3
70.5,3.75,2,4,-2,attention,3
51.5,1.91,4,3,0,pattern,2
68.6,2.02,2,3,3,routine,3
100.0,0.95,0,1,0,routine,2
65.6,1.33,4,2,3,routine,2
61.0,3.81,2,5,1,routine,4
82.0,1.72,3,1,-3,attention,1
93.0,2.51,0,2,3,memory,3
91.3,2.46,0,3,-3,pattern,3
87.9,2.29,1,2,0,memory,2
80.5,2.64,0,4,-1,memory,4
72.7,2.61,0,3,-3,pattern,3
100.0,2.27,0,1,2,routine,2
61.5,3.65,2,4,0,attention,3
56.3,4.3,5,5,-1,pattern,4
75.1,4.29,3,5,3,memory,4
100.0,1.38,0,1,2,memory,2
55.2,3.69,1,4,-3,memory,3
73.2,3.36,4,5,1,pattern,4
62.5,3.77,4,5,-1,memory,4
76.0,2.26,1,2,-2,routine,2
66.2,1.52,6,2,2,routine,2
48.5,2.74,1,5,-2,pattern,4
65.5,2.1,0,3,1,pattern,3
69.9,3.9,3,5,2,memory,4
84.1,3.18,2,4,1,memory,4
69.9,2.21,1,4,-2,attention,4
76.3,1.81,3,3,-1,routine,3
85.5,0.9,4,2,3,pattern,3
76.8,3.02,1,4,2,attention,4
74.1,2.12,1,3,2,attention,3
73.2,2.96,4,4,-1,memory,3
88.2,1.82,1,2,-2,pattern,2
100.0,3.34,2,3,0,routine,3
84.8,2.06,0,1,2,memory,2
71.7,1.86,3,4,2,routine,4
84.5,4.11,0,4,3,memory,4
95.0,1.63,0,1,-2,memory,2
100.0,1.81,0,1,-2,pattern,2
100.0,1.28,0,1,0,routine,2
100.0,1.18,0,1,-2,attention,2
66.3,2.77,2,5,-1,attention,4
85.9,1.18,1,2,3,routine,3
62.0,4.28,4,5,-1,attention,4
75.2,1.91,3,4,-3,pattern,4
96.7,1.61,0,1,2,routine,2
72.6,1.89,0,2,0,pattern,2
56.5,2.91,6,5,-2,memory,4
52.8,2.82,4,5,3,memory,4
73.7,2.72,2,4,3,pattern,4
50.6,2.81,5,4,-2,attention,3
50.0,3.11,4,5,1,pattern,4
66.3,3.19,3,4,-2,memory,3
68.1,3.22,4,5,-3,memory,4
100.0,1.78,0,1,-3,attention,2
91.1,1.43,1,1,1,attention,2
88.6,3.14,2,3,2,memory,3
53.7,3.16,4,4,2,attention,3
96.4,1.57,0,1,2,routine,2
64.9,4.04,3,5,0,memory,4
90.5,2.49,0,1,2,attention,2
44.5,2.65,2,5,2,pattern,4
94.4,3.15,0,3,-3,attention,3
96.3,2.79,0,4,-2,routine,4
75.9,2.2,1,3,0,memory,3
64.2,4.9,1,5,0,memory,4
84.1,1.85,0,2,-3,pattern,2
82.8,2.15,1,2,1,routine,2
87.7,1.46,1,2,2,memory,3
77.3,2.33,0,3,-3,pattern,3
72.2,2.18,4,3,0,memory,3
77.3,4.13,0,4,2,pattern,4
71.0,2.61,1,4,1,attention,4
60.7,3.84,7,5,-1,pattern,4
86.8,2.88,0,3,0,routine,3
75.0,3.25,1,4,2,attention,4
49.6,1.93,3,4,-1,pattern,3
98.7,0.72,0,1,3,attention,2
96.5,1.75,0,2,2,attention,3
89.0,1.94,1,3,1,pattern,3
89.2,1.55,0,2,0,attention,3
84.8,3.02,3,4,-1,memory,4
57.5,2.47,5,3,-2,pattern,2
100.0,1.27,0,2,2,attention,3
79.1,1.75,2,4,0,routine,4
80.2,2.34,0,2,0,memory,2
68.8,3.3,1,4,-2,attention,3
80.3,4.07,3,3,1,routine,2
73.5,2.34,3,3,-1,memory,3
60.5,2.17,4,3,-1,pattern,2
87.9,3.11,1,4,1,memory,4
74.0,1.75,1,3,1,memory,3
75.8,1.63,2,1,-3,memory,1
61.6,3.05,4,4,-1,pattern,3
80.8,1.51,1,1,-3,routine,1
80.9,1.77,3,1,0,pattern,1
67.8,3.63,6,5,1,routine,4
65.8,3.13,1,4,3,memory,4
60.5,2.29,3,5,1,memory,5
62.3,2.14,0,5,2,pattern,5
69.5,2.71,2,4,2,attention,4
80.2,2.22,2,4,-1,pattern,4
65.8,3.03,2,5,3,routine,5
82.4,1.66,1,1,-2,memory,1
77.3,1.86,0,1,2,pattern,2
82.6,1.89,4,3,2,routine,3
69.6,3.24,2,5,1,routine,5
65.5,1.83,3,2,1,memory,2
67.1,2.57,1,3,-3,pattern,2
64.7,2.36,0,4,3,memory,4
93.5,0.6,0,1,1,memory,2
78.0,1.75,2,2,-2,pattern,2
96.7,1.56,0,1,1,routine,2
95.0,0.99,0,1,0,routine,2
87.5,1.04,0,1,0,memory,2
83.2,1.98,2,3,-1,memory,3
87.3,2.01,2,2,0,routine,2
100.0,1.56,0,1,0,attention,2
84.4,1.63,1,1,3,attention,2
60.3,3.7,4,5,-2,routine,4
87.1,1.97,2,1,0,memory,1
97.9,2.04,0,2,-3,pattern,3
100.0,2.08,0,2,2,routine,3
58.3,3.58,4,5,3,routine,4
67.5,3.22,2,3,3,routine,3
61.1,3.22,6,4,-1,routine,3
76.8,2.27,4,3,0,memory,3
96.9,1.78,0,1,-3,attention,1
63.7,2.68,3,3,0,memory,2
97.2,1.64,0,1,-1,pattern,2
79.6,1.31,3,1,0,pattern,1
67.9,3.04,0,3,1,pattern,3
84.5,1.61,0,2,3,attention,3
78.2,3.71,1,4,0,pattern,3
53.7,3.34,3,5,-1,memory,4
100.0,1.91,1,1,1,pattern,2
89.5,1.58,1,2,2,memory,3
70.3,2.32,1,4,3,attention,4
69.4,1.76,1,1,1,routine,1
74.3,2.2,1,2,-2,memory,2
48.3,3.85,4,5,3,pattern,4
83.8,3.91,2,5,2,routine,5
84.5,1.01,0,1,-2,pattern,2
51.3,2.82,3,5,0,routine,4
100.0,1.44,0,1,-2,attention,2
71.2,3.22,1,5,-3,memory,4
85.1,1.43,0,2,1,memory,3
76.3,2.35,1,4,-2,attention,4
63.9,1.86,5,3,-3,memory,2
82.7,1.0,0,2,3,memory,3
81.9,3.35,3,4,3,pattern,4
100.0,1.82,2,1,0,pattern,2
76.8,2.93,3,3,-3,routine,2
76.1,2.65,3,3,-1,pattern,3
84.1,2.17,0,3,-1,routine,3
92.0,2.52,0,2,-2,routine,3
85.1,0.83,0,1,-1,attention,2
70.8,2.82,3,3,-2,memory,2
92.1,1.6,1,2,1,memory,3
64.7,2.32,4,3,0,memory,2
92.0,1.75,0,1,-3,attention,2
97.5,1.88,0,2,0,memory,3
100.0,1.63,1,2,-1,attention,3
97.1,2.86,1,2,-3,memory,2
92.4,3.25,0,1,1,memory,1
80.6,2.8,3,4,0,memory,4
77.5,1.95,3,2,-1,pattern,2
78.1,2.53,2,4,3,pattern,4
73.3,3.06,4,5,-3,attention,4
84.3,0.83,2,2,-3,routine,2
75.1,2.71,2,3,0,attention,3
91.5,1.85,0,1,-3,attention,2
51.6,3.35,6,5,3,attention,4
93.0,1.35,2,1,3,memory,2
60.6,3.15,1,5,0,attention,4
68.0,3.81,1,4,-2,pattern,3
79.8,2.88,1,4,0,attention,4
75.0,1.23,3,2,-1,attention,2
71.5,3.45,4,5,1,routine,4
72.0,1.57,1,2,-2,routine,2
76.7,4.1,0,5,1,pattern,5
100.0,2.41,0,2,-1,attention,3
62.8,3.15,5,5,-3,attention,4
100.0,1.28,0,1,-3,pattern,2
83.0,1.46,0,2,-3,memory,2
65.2,1.65,3,2,3,routine,2
87.6,2.53,2,3,3,memory,3
75.0,3.27,1,4,1,routine,4
95.1,3.88,0,4,2,attention,4
79.0,2.91,2,3,2,routine,3
62.0,3.38,3,3,-1,pattern,2
93.8,1.76,0,1,3,attention,2
100.0,2.39,0,1,-1,attention,2
53.2,2.71,1,5,0,memory,4
88.0,2.16,1,3,0,attention,3
71.2,2.17,2,3,-3,pattern,2
88.4,1.4,1,3,1,pattern,4
70.9,3.05,2,5,2,memory,5
60.3,2.79,2,5,-1,memory,4
72.9,3.46,5,4,-3,memory,3
81.7,1.62,1,2,2,pattern,2
68.4,3.19,2,2,0,memory,1
100.0,2.43,1,1,0,memory,1
78.3,4.48,1,5,2,memory,4
76.6,2.48,1,4,2,pattern,4
100.0,3.15,0,2,-1,attention,2
88.4,1.44,1,1,-3,routine,1
83.2,1.74,2,2,1,attention,2
78.5,1.45,3,2,-2,attention,2
66.4,3.7,3,4,2,attention,3
65.4,1.6,1,4,1,attention,4
63.4,2.98,3,4,1,routine,3
95.7,1.34,1,1,-2,pattern,1
92.9,2.7,0,3,0,pattern,3
61.8,3.32,2,4,3,memory,4
87.3,2.1,1,3,1,pattern,4
81.3,3.33,2,4,-2,attention,3
78.6,1.11,2,3,-2,routine,3
65.4,3.29,1,5,0,routine,4
82.7,2.11,5,2,1,memory,2
60.5,3.38,2,5,-2,pattern,4
81.6,3.61,2,4,-3,memory,3
79.0,1.78,2,1,2,routine,1
95.8,1.01,0,1,-1,attention,2
64.9,1.91,1,3,-1,memory,3
90.0,1.89,2,1,3,pattern,2
90.1,4.58,2,5,3,attention,5
100.0,1.35,0,1,-3,attention,2
65.8,2.32,3,3,-1,routine,3
68.6,2.91,5,3,-1,attention,2
74.4,2.64,2,4,-3,attention,3
79.8,3.6,0,5,-3,memory,5
98.1,2.64,0,1,-3,memory,1
67.3,1.52,1,2,1,memory,2
91.5,2.72,0,3,-3,memory,3
57.3,2.66,4,4,2,routine,3
84.1,0.6,2,1,0,attention,2
69.6,4.28,4,5,-1,attention,4
100.0,1.59,1,1,2,memory,2
86.8,2.03,0,2,-3,attention,2
90.5,0.63,1,1,-1,memory,2
92.5,3.43,0,4,-1,pattern,4
99.9,1.34,0,2,1,pattern,3
92.8,2.45,0,1,3,memory,2
100.0,1.71,0,2,1,memory,3
69.9,3.37,1,5,1,routine,5
61.8,4.44,4,5,-2,pattern,4
83.3,2.31,2,3,1,pattern,3
88.7,1.56,1,1,-3,attention,1
77.1,3.49,1,5,-3,routine,4
86.1,1.92,2,3,-3,pattern,3
99.4,2.75,0,2,-3,pattern,2
89.6,2.02,2,1,2,memory,1
69.8,2.82,2,4,-2,attention,4
48.9,3.6,2,4,2,attention,3
78.0,3.33,0,4,-1,pattern,4
54.2,2.79,2,4,2,attention,4
73.7,2.72,2,4,-3,memory,3
99.2,0.87,0,1,1,memory,2
69.4,2.82,3,5,3,routine,5
90.4,2.06,0,2,2,pattern,3
100.0,3.7,1,4,0,pattern,4
88.5,0.64,0,1,-3,routine,2
79.3,3.05,2,4,-2,pattern,3
62.9,4.15,1,5,3,routine,4
81.4,2.67,1,4,-1,pattern,4
81.8,2.96,0,3,-1,attention,3
70.2,3.49,1,5,-2,attention,4
77.8,1.72,1,3,-3,memory,3
99.4,1.93,0,2,3,attention,3
66.4,2.54,2,3,-2,attention,2
64.7,1.42,4,3,2,pattern,3
100.0,1.98,1,2,1,memory,3
81.2,0.6,1,1,2,memory,2
84.0,3.33,1,2,-2,routine,2
80.1,2.96,0,3,1,pattern,3
96.7,3.05,0,3,-2,pattern,3
96.5,2.64,0,2,1,memory,3
75.6,2.57,2,4,-3,pattern,4
77.1,1.91,1,2,-3,pattern,2
60.2,2.14,6,2,1,routine,1
79.2,1.11,4,1,-1,attention,1
85.7,0.87,2,1,1,routine,2
77.9,4.02,4,5,0,attention,4
56.0,4.04,4,5,3,attention,4
76.0,3.01,1,4,3,routine,4
90.1,2.01,0,2,1,memory,3
77.5,1.61,3,3,-2,routine,3
90.0,3.14,1,4,0,pattern,4
60.9,2.62,1,5,2,attention,5
76.8,1.8,0,2,1,memory,2
76.6,2.85,3,3,1,pattern,3
85.1,2.21,2,2,1,memory,2
69.3,3.28,2,5,-3,attention,4
85.3,3.01,0,2,-1,routine,2
87.7,2.15,1,3,-3,pattern,3
36.1,3.77,6,5,-3,routine,4
78.0,3.52,1,3,-3,routine,3
100.0,1.69,1,2,0,routine,3
91.2,2.59,1,3,-1,attention,3
75.3,2.75,1,4,3,memory,4
81.9,2.42,1,4,0,pattern,4
76.2,2.16,2,3,3,attention,3
66.6,3.52,2,5,0,pattern,4
89.4,1.43,0,1,1,memory,2
52.0,3.87,2,5,-2,routine,4
63.6,3.15,5,5,3,pattern,4
64.4,3.26,5,5,3,attention,4
90.2,3.07,3,3,-1,pattern,3
57.8,3.49,1,4,3,routine,4
92.4,2.12,2,2,3,routine,3
86.8,2.17,1,2,1,routine,2
94.1,3.4,1,4,2,memory,4
65.2,3.4,3,5,0,routine,4
100.0,1.89,0,2,3,attention,3
70.7,2.38,4,4,-3,pattern,3
75.2,3.74,1,5,-1,attention,4
95.6,2.82,0,3,-2,memory,4
72.8,2.07,6,3,3,routine,3
100.0,2.59,0,2,-3,memory,2
57.6,2.49,6,5,-1,routine,4
95.0,1.91,0,3,-2,routine,4
100.0,2.11,1,1,0,attention,2
77.9,1.7,0,2,2,attention,3
72.6,2.63,0,3,3,routine,3
66.7,3.62,1,3,-1,routine,2
53.2,3.25,8,3,0,routine,2
81.6,2.74,1,2,1,attention,2
66.5,3.44,1,5,1,attention,4
100.0,1.63,0,1,-1,routine,2
67.8,3.9,4,4,3,attention,3
73.1,4.15,3,4,-3,attention,3
82.0,2.02,1,3,3,memory,4
78.0,2.16,4,2,-1,routine,2
99.0,3.61,0,2,2,attention,2
78.9,2.8,1,3,3,pattern,3
76.6,3.01,3,3,0,attention,2
65.4,2.68,9,3,1,attention,2
61.3,2.87,4,4,2,attention,3
72.6,3.42,0,3,-3,attention,2
90.2,2.98,0,3,0,attention,3
73.4,2.27,4,2,-2,attention,1
90.9,2.36,3,2,1,routine,2
80.8,2.02,2,4,3,attention,4
87.7,1.63,1,2,-1,attention,3
95.8,2.85,0,3,1,routine,4
75.3,0.93,3,4,-1,attention,4
100.0,0.74,0,1,3,memory,2
100.0,2.75,0,2,-3,attention,2
73.0,2.98,2,4,3,pattern,4
100.0,1.53,0,1,3,pattern,2
67.7,3.44,1,3,-1,pattern,3
79.9,3.46,5,5,2,routine,5
79.0,2.92,2,4,1,pattern,4
72.3,2.81,3,5,-2,attention,4
77.9,3.21,0,3,-3,pattern,3
71.1,2.86,4,4,1,routine,4
92.1,1.82,0,2,3,routine,3
74.9,2.96,4,2,1,routine,1
57.7,2.25,3,3,3,memory,3
50.6,3.23,5,5,-3,memory,4
85.6,2.06,3,2,-3,routine,2
72.2,3.76,2,5,-3,attention,4
81.8,3.08,1,3,0,routine,3
100.0,1.68,0,1,3,routine,2
100.0,2.46,0,2,2,attention,3
77.1,0.88,2,1,3,routine,2
86.7,1.2,1,1,1,pattern,2
67.9,2.58,2,4,0,routine,4
95.2,1.79,1,1,-2,routine,1
71.6,3.03,2,4,-1,memory,4
90.6,0.6,2,1,0,memory,2
67.0,2.44,2,4,0,attention,4
100.0,0.91,0,1,0,routine,2
80.6,2.25,2,3,-3,attention,3
87.0,2.28,1,2,1,pattern,2
73.8,2.23,1,2,1,pattern,2
96.1,2.74,0,3,3,pattern,4
76.8,3.15,2,5,1,attention,5
99.8,0.71,0,1,3,memory,2
74.6,2.1,2,3,-3,pattern,3
72.4,3.42,2,3,-1,memory,2
72.3,3.73,6,5,-1,pattern,4
40.3,1.99,6,3,2,routine,2
98.5,1.42,0,1,3,memory,2
85.8,2.37,1,4,1,memory,4
95.4,1.21,1,1,3,pattern,2
82.2,1.66,2,1,-1,attention,1
76.3,2.3,3,3,3,routine,3
83.8,2.86,0,3,2,attention,3
86.5,0.62,1,1,-1,attention,2
60.8,3.61,6,5,-3,attention,4
100.0,0.6,0,1,3,memory,2
74.3,3.27,0,3,3,attention,3
96.4,1.75,1,2,-1,attention,3
72.3,2.61,4,4,-3,pattern,3
66.1,2.43,6,5,-2,attention,4
69.1,2.43,2,3,0,routine,3
69.5,2.35,2,2,-1,memory,1
97.4,3.82,0,5,2,pattern,5
91.9,3.4,2,4,0,pattern,4
68.7,2.29,5,4,-2,routine,3
85.4,2.19,1,2,2,routine,2
57.7,1.91,3,3,0,pattern,2
68.6,2.86,1,4,2,routine,4
95.3,3.28,0,5,-1,pattern,5
89.5,2.07,1,3,3,routine,4
79.4,2.96,2,4,-3,routine,4
96.5,3.02,0,3,3,routine,4
65.6,3.92,5,4,1,memory,3
76.8,3.74,1,5,-1,routine,5
62.3,3.28,1,4,3,pattern,4
70.2,2.34,2,4,-1,pattern,4
97.3,3.37,0,4,-1,pattern,4
49.4,3.06,6,5,-3,routine,4
56.7,3.31,5,4,1,attention,3
91.7,1.89,1,2,3,memory,3
78.3,3.74,2,3,3,attention,3
72.7,2.65,3,4,-1,attention,4
62.8,1.72,3,4,0,routine,4
85.6,1.42,3,1,0,pattern,1
60.2,3.66,1,4,-3,pattern,3
100.0,2.35,0,1,-3,attention,1
96.6,1.1,0,1,1,routine,2
78.6,1.58,3,1,-3,attention,1
74.9,3.53,2,3,-1,attention,2
77.6,4.04,2,5,-1,memory,4
71.9,2.05,0,3,0,attention,3
93.5,1.67,0,2,1,routine,3
82.8,1.26,2,3,0,routine,3
59.9,2.24,3,4,1,routine,3
95.2,1.23,0,1,0,pattern,2
62.3,3.63,5,4,0,pattern,3
69.7,2.73,2,4,-3,pattern,3
95.0,3.89,0,3,2,pattern,3
100.0,2.65,0,1,3,memory,2
68.4,3.29,3,4,2,attention,3
99.1,1.56,0,1,-3,pattern,2
100.0,2.32,0,3,-3,attention,3
41.4,3.28,3,5,-1,attention,4
83.7,2.75,0,3,0,pattern,3
66.9,3.14,1,5,2,routine,5
100.0,1.72,0,1,0,attention,2
68.8,4.08,5,4,3,pattern,3
52.5,3.49,2,5,-2,routine,4
97.9,2.1,0,1,-2,attention,2
65.9,1.93,2,3,3,attention,3
57.8,2.88,1,4,0,pattern,4
82.8,2.63,2,4,1,memory,4
67.1,3.76,4,5,3,attention,4
100.0,2.2,0,2,-1,pattern,3
83.1,2.35,1,3,2,memory,3
76.9,2.04,3,3,2,pattern,3
92.4,1.92,2,2,-1,attention,2
100.0,2.09,0,2,1,pattern,3
100.0,1.46,1,1,1,attention,2
58.2,3.65,3,4,-1,pattern,3
100.0,2.85,1,2,0,pattern,3
61.5,3.77,2,4,3,pattern,3
75.1,3.49,3,5,3,attention,5
56.3,3.5,3,5,3,routine,4
93.7,2.13,0,2,-1,routine,3
82.0,2.25,1,2,2,routine,2
91.6,3.44,1,2,1,routine,2
84.3,0.7,0,2,1,pattern,3
65.1,3.58,3,3,3,routine,2
73.6,2.19,3,3,-3,memory,3
93.0,1.61,1,3,2,memory,4
88.6,1.03,2,1,-1,memory,1
74.3,3.16,1,3,-2,attention,2
83.9,1.1,2,1,-3,attention,1
82.2,4.45,2,5,-2,pattern,4
42.7,3.04,3,4,-3,attention,3
66.2,2.96,1,4,2,routine,4
71.3,1.59,5,3,-3,attention,2
79.2,1.31,0,1,-1,attention,1
56.6,3.49,2,5,-1,attention,4
98.1,3.33,0,3,-1,pattern,3
79.0,2.51,1,3,-1,memory,3
63.5,2.84,1,4,1,pattern,4
87.5,2.49,1,3,1,pattern,3
85.1,1.89,1,2,0,pattern,2
96.9,3.07,0,2,3,memory,2
96.9,1.13,3,2,3,attention,3
70.4,2.77,2,4,-3,memory,3
100.0,1.13,0,1,-2,attention,2
88.5,1.72,0,2,0,attention,3
90.8,1.37,0,2,0,routine,3
100.0,1.45,0,1,1,memory,2
54.3,2.56,3,4,2,memory,3
89.5,1.67,1,1,-2,pattern,1
75.3,3.71,0,4,2,memory,4
100.0,1.2,0,1,3,memory,2
85.1,1.55,1,2,-1,pattern,2
59.7,1.88,2,3,-1,routine,2
67.8,1.83,1,3,3,routine,3
56.5,3.99,3,5,-2,attention,4
78.2,3.54,2,3,-3,memory,2
66.1,2.86,4,4,0,memory,3
99.1,0.6,0,1,2,attention,2
75.0,2.13,6,3,-1,pattern,2
84.0,2.5,0,3,2,routine,3
74.5,3.95,0,5,2,memory,5
92.0,2.17,2,2,1,pattern,2
100.0,0.7,0,2,-2,attention,3
93.1,2.86,2,2,2,routine,2
78.2,2.14,3,3,-1,pattern,3
87.6,2.22,3,1,-2,memory,1
52.1,3.02,3,4,2,attention,3
78.1,1.99,0,3,-3,routine,3
75.3,3.91,1,5,1,attention,5
76.1,2.77,3,2,-1,routine,2
62.7,3.1,4,3,0,pattern,2
80.0,1.47,1,2,0,pattern,3
78.3,2.73,0,4,2,pattern,4
62.4,3.08,4,5,-1,pattern,4
86.6,3.95,0,5,2,attention,5
86.8,2.51,1,2,-3,pattern,2
68.5,2.43,4,2,3,memory,2
94.8,2.84,1,2,-3,routine,2
57.7,3.89,2,5,2,routine,4
89.6,2.91,1,4,-1,memory,4
86.7,2.71,0,4,-3,attention,4
79.8,3.22,1,4,-2,routine,4
100.0,1.65,0,1,-3,pattern,2
92.0,1.87,0,3,0,pattern,4
75.0,0.96,3,2,0,routine,2
81.0,2.94,3,4,-2,memory,4
76.3,1.65,5,4,-3,attention,3
100.0,1.64,0,1,0,pattern,2
70.3,1.87,1,3,3,memory,3
80.0,2.58,1,2,0,attention,2
63.5,2.98,3,4,2,routine,4
75.3,1.72,1,1,2,pattern,1
82.1,3.54,1,3,0,attention,3
74.8,2.59,0,3,3,pattern,3
76.8,4.26,2,5,3,attention,4
93.8,2.54,0,2,2,pattern,3
81.7,2.65,0,3,-1,attention,3
65.5,3.94,2,5,-3,memory,4
79.3,2.79,0,3,-1,routine,3
95.9,2.25,0,3,-2,routine,4
70.8,4.19,5,5,-1,attention,4
57.1,3.29,5,5,2,pattern,4
93.1,1.42,0,2,-2,attention,3
68.9,3.4,0,4,-3,routine,3
67.5,1.8,2,3,-2,routine,3
91.7,1.58,2,1,-1,pattern,1
93.7,1.78,1,2,3,routine,3
100.0,0.78,0,1,1,routine,2
54.3,4.15,3,4,0,pattern,3
66.4,2.14,3,4,0,pattern,4
100.0,1.41,0,1,3,pattern,2
61.5,4.01,3,4,3,pattern,3
53.7,3.88,4,5,1,memory,4
69.0,2.72,0,4,-2,pattern,4
99.3,2.07,0,2,-1,pattern,3
86.3,2.72,3,2,3,pattern,2
90.0,2.88,2,3,0,pattern,3
71.1,2.32,1,1,-1,routine,1
61.6,2.32,5,4,0,memory,3
77.5,3.88,4,4,1,routine,3
69.9,2.65,3,3,-3,attention,2
74.9,2.82,3,4,-2,pattern,3
62.1,2.47,3,3,1,routine,2
66.0,4.51,4,5,2,pattern,4
79.5,2.86,1,2,-3,memory,2
54.8,3.4,5,5,-3,pattern,4
95.9,1.73,1,1,-1,memory,2
100.0,1.4,1,1,0,routine,2
64.6,2.79,4,4,1,routine,3
87.3,3.13,2,3,2,routine,3
61.9,2.95,4,5,-1,memory,4
93.4,0.99,3,1,3,pattern,2
99.2,2.88,0,2,-1,routine,2
92.8,2.23,1,2,3,memory,3
75.7,1.22,5,2,-3,attention,2
100.0,0.6,1,1,1,memory,2
100.0,1.67,0,1,1,routine,2
55.5,2.38,1,4,2,attention,4
68.5,1.86,2,3,2,memory,3
57.7,3.26,5,5,-2,routine,4
59.1,3.08,5,5,-2,attention,4
65.1,1.79,0,3,3,memory,3
85.4,1.8,2,2,-3,routine,2
70.7,2.17,4,3,-1,pattern,2
96.4,2.59,0,4,1,routine,5
86.7,2.3,2,1,-1,attention,1
97.9,1.64,0,1,-2,routine,2
88.6,2.29,5,4,-2,routine,4
88.9,1.09,0,1,0,routine,2
100.0,2.38,0,2,2,pattern,3
78.6,2.05,2,1,3,routine,1
82.6,2.37,3,3,1,attention,3
100.0,2.22,0,2,3,pattern,3
64.5,3.26,3,3,-1,attention,2
75.5,1.76,2,3,-3,memory,3
69.0,2.2,4,1,3,pattern,1
73.1,3.26,2,4,-3,routine,3
100.0,1.52,0,1,-1,routine,2
93.8,3.6,1,3,0,pattern,3
100.0,1.69,1,1,3,routine,2
80.7,1.29,5,2,-3,routine,2
100.0,1.44,0,1,2,attention,2
72.3,2.33,1,3,-3,routine,3
94.5,3.34,1,4,-1,attention,4
89.3,2.25,0,4,3,memory,5
100.0,1.82,0,1,3,attention,2
68.2,2.54,4,3,0,attention,2
61.9,2.48,5,4,1,attention,3
74.8,2.26,5,2,3,routine,2
97.6,2.12,0,1,2,routine,2
87.8,0.6,2,1,-2,attention,2
57.8,1.96,4,3,-1,pattern,2
88.1,2.0,1,2,-1,pattern,2
100.0,2.28,0,2,2,attention,3
84.6,2.44,2,3,0,routine,3
80.1,3.39,1,3,3,routine,3
100.0,3.8,1,3,-1,memory,3
100.0,1.56,1,1,0,attention,2
87.0,2.43,1,3,0,routine,3
85.7,3.28,0,4,1,pattern,4
73.3,3.16,2,3,2,pattern,3
55.5,3.12,6,5,-1,memory,4
53.3,4.21,7,5,3,attention,4
96.9,1.64,0,1,0,attention,2
57.1,4.39,3,5,-2,memory,4
78.2,2.35,7,3,0,routine,2
84.2,1.7,1,1,-1,routine,1
58.0,2.6,2,4,-3,attention,3
92.1,2.61,0,2,3,routine,3
94.9,0.6,0,1,1,pattern,2
100.0,1.27,0,1,-3,attention,2
70.5,3.67,4,5,-1,routine,4
83.9,3.06,2,2,0,routine,2
84.5,2.0,1,2,-1,attention,2
67.3,3.64,2,5,3,attention,4
77.9,0.6,1,1,-3,attention,1
68.6,1.36,5,1,-2,memory,1
90.4,1.22,1,2,3,routine,3
89.9,1.88,0,1,0,pattern,2
68.6,3.03,5,4,1,attention,3
88.6,3.47,1,3,3,pattern,3
100.0,1.33,0,1,3,memory,2
83.3,2.01,2,4,3,pattern,4
82.4,1.49,1,2,-1,pattern,2
94.9,1.35,1,1,-3,pattern,2
78.4,1.04,4,2,0,routine,2
85.4,1.56,2,1,-3,routine,1
81.6,0.92,4,2,-3,pattern,2
79.2,3.48,3,4,2,pattern,4
63.0,2.28,1,5,2,pattern,5
99.8,2.11,1,2,-2,attention,3
61.6,4.85,3,5,2,pattern,4
61.1,3.2,3,5,-2,memory,4
72.1,3.03,2,3,1,attention,3
46.3,2.63,2,5,-2,routine,4
72.0,3.34,3,5,2,routine,4
75.8,1.64,2,3,3,attention,4
59.9,1.68,1,3,-3,pattern,3
70.3,2.33,0,4,-3,routine,4
85.9,2.24,2,3,1,pattern,3
83.3,2.81,1,3,1,routine,3
93.6,1.34,1,1,-3,routine,1
60.8,4.49,5,4,-3,attention,3
72.2,3.11,3,3,2,memory,3
38.4,4.01,3,5,1,memory,4
81.8,1.44,5,2,-2,attention,2
79.8,3.39,1,3,1,memory,3
92.7,1.29,0,1,1,memory,2
100.0,2.13,0,1,-1,memory,2
65.7,4.0,4,3,2,routine,2
73.6,3.6,1,4,-1,pattern,4
78.5,2.99,1,4,2,routine,4
74.1,3.72,5,4,0,pattern,3
97.1,1.28,1,1,-3,routine,2
82.7,0.63,2,1,-2,routine,1
62.2,2.88,3,5,2,routine,4
68.1,2.25,2,3,-2,routine,3
71.7,1.24,3,1,-1,memory,1
66.2,4.59,2,5,0,memory,4
85.8,3.16,1,4,1,routine,4
83.4,3.01,1,4,3,pattern,4
100.0,2.62,1,3,-1,routine,3
76.3,3.34,2,5,2,routine,5
86.0,2.66,1,3,0,pattern,3
63.0,2.29,5,4,1,pattern,3
100.0,1.49,0,1,3,attention,2
63.9,3.47,3,4,3,routine,3
69.2,3.31,1,3,-3,memory,2
59.9,2.73,4,3,0,routine,2
66.5,1.42,3,3,2,attention,3
64.5,3.9,1,5,2,pattern,4
60.0,2.59,7,4,1,attention,3
53.1,3.67,0,5,-3,memory,4
72.3,2.7,2,4,0,attention,4
86.0,2.19,0,1,-1,memory,1
75.8,2.75,1,3,-1,memory,3
92.5,2.4,0,2,-1,memory,2
69.0,1.95,1,4,2,routine,4
57.4,2.57,4,4,3,pattern,3
77.9,3.81,2,4,3,pattern,4
84.0,4.14,0,5,-1,routine,5
67.5,3.11,2,4,-2,routine,3
76.3,2.92,0,5,-1,memory,5
51.6,2.63,2,4,-3,pattern,3
79.9,4.15,3,5,-2,pattern,4
83.5,1.97,1,2,2,memory,3
90.2,1.68,2,2,-3,routine,2
59.8,3.46,2,5,-2,attention,4
84.9,1.36,2,1,1,attention,1
44.5,2.62,7,5,2,routine,4
83.8,2.73,2,3,1,attention,3
51.5,3.57,4,5,-2,pattern,4
81.7,2.21,1,3,3,routine,3
100.0,1.94,0,1,1,memory,2
69.8,2.88,3,3,0,pattern,2
75.9,3.04,3,4,-3,pattern,3
100.0,1.41,0,1,-2,routine,2
68.5,2.64,0,4,3,memory,4
100.0,1.7,0,1,1,routine,2
51.6,1.35,1,3,-1,routine,3
92.0,2.33,2,1,3,routine,1
61.6,2.47,2,3,2,pattern,3
62.4,3.2,4,5,2,routine,4
100.0,1.91,0,1,1,attention,2
67.5,2.67,2,3,2,memory,3
62.6,3.3,2,5,-1,memory,4
77.2,3.27,2,4,-2,routine,3
66.7,2.61,4,4,3,attention,4
68.9,4.02,2,5,0,memory,4
82.1,3.63,3,5,-3,routine,4
63.8,2.23,0,5,-3,routine,5
73.9,3.18,0,3,0,routine,3
83.4,2.93,3,3,2,memory,3
84.9,2.91,1,3,0,attention,3
90.3,0.7,0,1,3,routine,2
90.3,2.7,1,2,3,routine,3
84.4,1.87,3,1,0,pattern,1
100.0,1.48,0,1,0,routine,2
80.4,2.58,3,2,0,memory,2
100.0,2.24,0,1,-3,pattern,1
100.0,2.94,0,3,1,routine,4
94.6,2.21,1,2,-3,routine,2
73.4,3.09,1,3,0,attention,3
91.6,1.66,0,1,1,memory,2
54.2,2.62,4,3,0,attention,2
84.0,2.39,4,2,3,routine,2
95.1,1.74,0,3,0,attention,4
74.9,3.12,2,3,-1,attention,3
75.8,3.09,4,3,3,pattern,3
77.1,2.95,1,4,-1,memory,4
74.1,3.86,1,5,2,memory,5
85.8,2.6,0,5,-2,pattern,5
100.0,2.45,0,1,0,pattern,2
88.9,2.1,2,4,-2,attention,4
85.4,2.86,1,2,2,pattern,2
87.8,2.28,0,1,0,memory,2
90.7,2.48,1,3,3,routine,4
55.2,2.67,4,3,-2,routine,2
90.5,1.72,0,2,-1,routine,3
100.0,2.06,1,2,-1,routine,3
90.8,3.42,0,4,3,routine,4
59.6,3.97,3,5,-2,pattern,4
66.0,2.86,2,4,-3,attention,3
88.1,2.35,1,1,-1,routine,1
87.1,1.84,1,2,1,routine,3
87.3,1.91,1,2,0,memory,2
83.2,2.74,0,3,-2,routine,3
89.8,3.25,3,4,-1,memory,4
75.8,2.77,0,3,2,routine,3
89.5,3.28,1,4,2,attention,4
70.4,4.61,5,5,3,memory,4
100.0,0.65,1,1,0,attention,2
53.4,3.64,0,5,-3,attention,4
87.3,4.26,2,5,-3,attention,4
75.2,0.64,3,1,-2,pattern,1
92.1,2.99,1,2,2,pattern,2
99.0,1.88,2,2,1,memory,3
99.4,1.32,0,1,3,memory,2
45.0,2.0,3,5,-2,pattern,4
98.5,1.47,0,2,-1,attention,3
100.0,2.41,0,2,0,routine,3
61.0,2.91,3,5,3,routine,5
51.8,3.5,4,5,3,routine,4
62.7,5.0,6,5,3,memory,4
73.7,2.24,2,2,1,pattern,2
82.3,2.7,0,4,0,pattern,4
81.9,3.12,1,2,3,pattern,2
76.2,4.04,2,5,-2,routine,4
53.8,4.24,4,5,2,attention,4
82.4,2.68,2,2,2,routine,2
100.0,2.6,0,2,-1,memory,3
96.6,1.42,0,1,1,memory,2
79.2,1.69,1,1,2,memory,2
62.5,2.65,2,4,0,memory,4
70.3,3.93,2,5,-1,memory,4
65.1,3.01,3,4,-3,attention,3
76.0,2.71,4,5,1,routine,5
88.9,2.2,2,1,0,memory,1
57.1,4.2,3,5,2,pattern,4
93.0,2.85,1,3,1,attention,3
63.9,2.12,1,4,-2,memory,4
57.0,2.93,1,5,-1,attention,4
80.2,2.23,2,2,-1,memory,2
100.0,1.81,1,1,1,attention,2
89.3,1.26,1,1,3,attention,2
74.2,3.31,6,5,1,memory,4
53.7,3.68,2,5,-1,attention,4
39.2,4.3,2,5,2,attention,4
62.5,1.28,2,3,-3,attention,3
72.0,3.14,2,3,0,attention,3
93.1,1.59,1,1,1,routine,2
66.0,2.88,2,3,2,attention,3
100.0,2.61,0,2,-3,pattern,3
67.5,4.31,4,5,-3,routine,4
99.7,2.96,0,3,0,memory,3
56.3,3.4,4,5,3,attention,4
99.6,1.74,0,1,-3,pattern,1
60.9,4.09,2,4,-3,routine,3
56.7,3.89,4,2,3,pattern,1
61.6,3.74,4,5,0,routine,4
74.2,3.27,2,3,-1,attention,2
77.7,3.28,0,4,0,attention,4
67.6,3.41,3,4,1,routine,3
70.2,3.09,0,5,0,attention,5
85.4,1.49,1,2,3,attention,3
78.9,2.75,1,2,0,attention,2
59.5,3.03,1,5,1,memory,5
74.4,3.33,3,4,3,routine,4
54.3,3.01,5,4,2,routine,3
84.2,3.46,2,3,-1,routine,2
94.9,1.28,1,1,0,attention,2
79.7,2.94,0,3,1,attention,3
92.4,2.29,1,3,2,routine,4
78.2,3.66,0,4,3,pattern,4
100.0,0.65,0,1,1,memory,2
90.9,0.86,3,2,-3,pattern,2
70.1,4.23,6,5,1,pattern,4
92.3,1.23,0,1,1,attention,2
63.5,3.44,5,5,0,attention,4
68.0,1.57,4,3,2,attention,3
70.2,3.04,5,4,2,memory,3
67.7,3.52,3,5,-3,routine,4
58.4,3.41,5,4,0,memory,3
100.0,0.88,0,1,-1,pattern,2
77.0,2.97,0,4,2,pattern,4
100.0,2.87,0,2,-3,memory,2
79.2,1.86,2,3,3,attention,3
75.2,4.05,4,4,3,routine,3
91.2,2.33,2,2,0,attention,2
65.9,4.04,4,5,3,routine,4
64.4,2.82,3,4,1,routine,3
93.9,2.06,0,2,-2,pattern,3
98.4,2.07,0,2,3,pattern,3
38.1,3.61,3,5,-2,routine,4
90.8,1.17,2,1,0,attention,2
68.7,2.21,4,4,-3,memory,3
97.8,2.16,0,1,1,routine,2
62.9,3.8,3,5,1,routine,4
84.7,2.54,0,2,-2,routine,2
81.4,1.51,0,3,0,memory,4
98.3,2.29,1,2,-3,routine,2
90.7,2.47,1,1,3,pattern,2
92.3,2.75,0,3,-2,memory,3
96.7,1.58,0,2,3,memory,3
97.3,3.38,0,4,3,memory,5
78.2,3.67,1,5,3,routine,5
76.3,2.76,0,3,-1,pattern,3
81.4,2.12,2,2,-1,attention,2
80.1,4.18,5,5,1,memory,4
94.9,2.05,0,2,3,pattern,3
64.7,4.86,3,5,-1,routine,4
52.9,3.44,3,5,-1,attention,4
63.4,2.93,2,4,0,pattern,3
63.5,2.39,4,4,1,attention,4
64.1,3.97,6,4,-1,routine,3
81.9,1.02,5,1,0,memory,1
83.9,2.5,1,4,0,routine,4
80.7,2.33,2,3,-2,routine,3
49.9,3.57,2,5,-3,attention,4
80.5,2.09,1,1,3,memory,1
49.9,3.89,1,5,-1,memory,4
91.1,0.6,3,1,0,attention,2
55.1,3.58,3,5,1,routine,4
77.3,1.73,3,2,1,pattern,2
57.8,3.21,1,4,1,memory,3
71.0,2.41,4,3,1,memory,3
64.7,2.65,4,4,-2,pattern,3
58.3,2.42,3,4,-2,pattern,3
90.9,2.12,0,2,3,attention,3
100.0,2.59,0,2,3,memory,3
87.4,1.69,1,2,3,attention,3
69.3,1.95,5,5,0,attention,5
100.0,1.48,0,1,-2,pattern,2
74.2,1.41,1,3,2,memory,4
100.0,0.7,0,1,-1,attention,2
58.9,2.36,0,4,-3,routine,3
82.2,0.86,2,2,2,pattern,3
73.6,1.75,2,2,1,attention,2
100.0,0.88,0,1,1,memory,2
75.7,2.7,2,4,1,memory,4
87.6,1.91,1,1,-1,attention,1
73.6,0.6,1,1,-1,pattern,2
76.1,2.47,2,3,1,attention,3
99.8,2.54,0,2,2,memory,3
69.3,1.95,2,3,1,memory,3
73.9,1.86,4,2,-1,memory,2
97.4,2.37,0,2,3,routine,3
68.8,1.48,1,3,3,memory,4
100.0,3.64,0,3,2,pattern,4
66.5,3.5,3,5,-2,routine,4
85.3,1.78,0,2,1,pattern,3
65.5,3.45,6,5,2,routine,4
61.7,2.13,3,4,-2,memory,3
86.8,1.79,0,3,0,routine,4
72.6,3.38,3,4,2,memory,4
94.3,1.32,1,2,2,attention,3
75.6,1.74,4,3,2,pattern,3
71.6,1.77,3,5,3,routine,5
82.0,1.96,0,1,3,routine,2
85.3,1.82,1,2,-3,memory,2
72.7,3.38,2,3,3,routine,3
70.6,3.31,5,4,1,attention,3
66.4,1.84,2,2,1,memory,2
71.1,3.38,1,5,-3,pattern,4
100.0,2.24,1,1,3,routine,2
100.0,1.87,0,1,3,pattern,2
77.8,3.36,1,4,2,routine,4
71.6,3.88,1,5,2,pattern,5
70.7,3.9,3,4,2,routine,3
100.0,2.99,0,2,3,attention,3
72.3,4.29,3,4,0,attention,3
77.6,3.43,2,4,3,routine,4
69.9,2.73,1,3,-1,attention,3
83.4,0.62,0,2,-2,memory,3
100.0,0.97,1,1,-1,memory,2
100.0,1.04,0,1,0,pattern,2
63.8,3.46,4,4,3,attention,3
81.8,2.98,1,3,2,pattern,3
91.2,0.68,0,1,-1,pattern,2
71.1,2.63,0,5,-3,routine,5
59.7,3.5,2,4,2,routine,3
39.5,3.15,4,4,1,routine,3
94.6,0.6,1,1,-2,memory,2
79.9,3.2,2,2,-3,pattern,1
74.9,3.66,3,5,3,attention,5
63.1,3.23,4,5,-3,pattern,4
59.9,2.18,1,4,-2,routine,3
82.2,1.33,2,2,-2,pattern,2
53.9,3.65,3,5,-1,memory,4
81.0,2.35,2,3,2,pattern,3
79.3,2.91,1,3,3,memory,3
69.7,3.06,1,5,1,pattern,5
73.0,2.44,1,3,0,routine,3
62.6,4.34,2,5,1,routine,4
61.5,2.69,3,4,0,attention,3
100.0,1.63,0,2,3,memory,3
90.0,1.94,0,2,0,memory,3
67.1,2.89,2,3,-3,routine,2
81.9,1.96,1,1,3,pattern,2
77.4,2.29,0,3,1,attention,3
79.0,3.33,1,4,3,attention,4
58.9,3.52,6,4,2,attention,3
77.3,3.0,0,5,-1,routine,5
90.6,2.23,0,2,2,routine,3
77.5,2.76,0,3,2,pattern,3
52.8,2.04,6,3,1,pattern,2
50.1,3.23,6,5,-1,memory,4
76.3,2.86,2,3,-3,attention,3
83.2,3.22,0,3,3,memory,3
83.9,2.61,2,2,3,routine,2
100.0,2.35,1,3,2,attention,4
68.1,3.32,1,4,2,attention,4
81.8,2.23,1,4,2,memory,4
100.0,1.45,0,1,2,attention,2
85.2,1.95,1,3,1,pattern,4
39.9,3.23,9,4,-1,routine,3
61.0,3.37,1,5,-2,pattern,4
65.9,3.35,2,5,3,attention,5
74.6,3.54,1,4,-3,pattern,3
62.8,2.93,6,5,-1,routine,4
80.9,2.86,1,3,3,memory,3
72.9,2.55,5,2,2,pattern,1
97.1,0.96,0,1,-1,pattern,2
97.6,1.04,0,1,-3,routine,2
64.8,4.04,2,5,0,memory,4
82.1,1.38,1,1,-2,pattern,1
71.9,2.5,2,3,1,routine,3
89.2,1.69,1,2,2,routine,3
88.6,2.24,2,4,3,pattern,5
60.5,3.18,3,5,2,pattern,4
100.0,1.37,0,1,1,routine,2
86.9,2.08,0,3,-2,routine,3
85.4,1.36,1,2,1,routine,3
100.0,1.74,0,1,3,pattern,2
97.9,1.52,0,1,3,attention,2
72.0,2.2,2,3,-2,routine,3
81.8,0.89,1,1,-2,routine,1
71.0,3.09,2,4,3,attention,4
100.0,2.2,0,1,2,pattern,2
72.8,3.12,5,4,-1,memory,3
94.9,3.35,0,3,2,attention,4
100.0,2.93,0,2,-1,pattern,2
100.0,2.86,0,2,-1,routine,2
100.0,1.02,0,1,-3,attention,2
68.5,2.44,2,4,-2,pattern,3
100.0,0.72,0,1,0,memory,2
61.5,1.07,2,1,1,attention,1
57.1,3.49,1,4,2,memory,3
89.8,1.87,1,2,-3,pattern,2
60.5,4.51,3,5,2,pattern,4
80.7,2.15,4,3,3,memory,3
100.0,1.45,0,1,3,routine,2
66.4,1.88,3,4,1,routine,4
100.0,1.73,0,1,-2,routine,2
92.7,2.05,0,2,2,routine,3
79.6,3.61,1,5,1,pattern,5
67.7,1.52,7,1,-2,memory,1
75.9,3.54,3,5,-2,pattern,4
84.5,1.63,0,2,1,attention,3
86.8,3.56,0,5,-3,routine,5
98.3,1.75,1,1,3,pattern,2
100.0,1.27,0,2,0,pattern,3
66.1,2.14,5,3,-1,pattern,2
75.5,4.05,5,4,1,memory,3
47.0,3.16,3,5,2,routine,4
92.8,1.92,0,1,0,pattern,2
68.7,4.24,4,5,1,attention,4
100.0,1.13,0,1,1,memory,2
81.3,2.79,2,4,-1,memory,4
100.0,1.67,0,2,2,attention,3
100.0,0.68,0,2,-3,pattern,3
96.8,1.34,0,1,-1,routine,2
87.6,2.17,1,3,3,memory,4
87.4,2.68,0,2,1,routine,2
85.9,3.0,1,3,1,pattern,3
59.7,2.2,3,4,-3,routine,3
100.0,2.82,0,2,-2,memory,2
62.7,3.06,8,4,-2,attention,3
100.0,2.09,0,1,-3,pattern,2
100.0,0.6,0,1,-1,memory,2
78.3,3.59,2,4,2,memory,4
100.0,1.63,1,1,-1,pattern,2
70.4,2.15,5,3,2,routine,3
47.6,3.44,5,5,0,memory,4
100.0,0.91,0,1,0,memory,2
100.0,1.69,1,1,2,pattern,2
67.7,2.49,3,2,2,memory,2
79.7,2.76,1,3,2,attention,3
96.9,2.24,1,2,3,attention,3
95.8,1.45,1,1,-3,routine,2
91.0,2.15,1,2,-3,memory,2
84.1,1.87,1,2,0,memory,2
62.6,4.06,2,5,-2,pattern,4
63.9,2.94,4,4,2,routine,3
100.0,0.72,0,2,-3,attention,3
82.0,3.39,2,5,1,memory,5
70.9,4.87,2,4,1,pattern,3
51.8,4.33,6,5,2,attention,4
67.5,2.4,3,4,0,pattern,4
63.8,2.71,4,3,3,attention,3
71.0,2.01,0,2,2,pattern,2
100.0,0.98,1,1,0,attention,2
79.1,0.99,2,2,2,attention,3
81.3,4.03,2,5,-3,memory,4
76.1,4.21,1,5,-3,routine,4
59.4,2.74,2,5,-2,pattern,4
81.6,1.41,2,1,-2,attention,1
93.8,0.61,0,1,-1,pattern,2
100.0,2.2,1,3,3,routine,4
71.3,3.52,0,5,2,attention,5
95.5,1.79,0,2,-1,attention,3
65.7,3.05,1,3,0,routine,3
86.0,1.43,1,3,-1,routine,3
75.9,1.74,2,3,1,pattern,3
100.0,2.66,0,3,3,attention,4
70.3,4.37,3,5,3,pattern,4
80.7,2.14,0,4,2,memory,4
99.5,2.79,0,1,3,pattern,2
87.3,1.64,3,1,0,routine,1
58.8,0.78,4,4,-3,attention,3
71.7,2.48,2,4,1,attention,4
96.1,2.7,0,1,0,memory,2
74.2,1.8,0,3,3,memory,3
98.1,1.12,0,1,1,memory,2
90.4,2.66,0,3,1,routine,3
52.1,3.14,2,5,2,memory,4
80.6,2.84,2,2,1,attention,2
83.7,3.88,0,4,2,pattern,4
83.3,2.91,2,3,-3,attention,2
100.0,2.43,0,1,1,routine,2
100.0,2.21,0,1,3,attention,2
63.9,3.36,2,2,-1,pattern,1
99.2,1.77,0,1,-2,memory,2
67.6,2.99,3,3,1,memory,2
91.9,2.16,0,1,1,routine,2
76.8,4.26,3,4,-2,attention,3
90.6,2.39,2,2,0,attention,2
74.7,3.81,0,5,-1,memory,5
78.6,2.47,0,3,0,routine,3
78.3,1.59,3,2,-1,memory,2
67.7,4.1,1,5,-1,attention,4
66.9,2.05,2,4,-1,pattern,4
61.9,2.61,2,2,0,pattern,2
100.0,2.1,0,1,1,routine,2
59.8,2.0,5,4,-3,pattern,3
90.3,0.92,1,1,-2,attention,2
88.6,3.05,0,4,1,attention,4
72.3,4.33,2,5,2,routine,4
79.8,2.71,4,1,0,memory,1
92.4,3.97,0,5,1,pattern,5
69.6,2.41,6,4,3,memory,4
61.7,2.62,2,5,-2,pattern,4
85.9,1.85,0,2,1,pattern,3
100.0,2.57,0,2,3,attention,3
73.2,3.34,6,4,-1,pattern,3
100.0,1.44,1,1,2,pattern,2
91.6,3.6,0,3,1,memory,3
62.9,1.26,2,1,-1,routine,1
44.5,2.69,4,5,3,attention,4
86.3,1.07,1,3,-3,memory,4
51.5,3.99,4,5,3,pattern,4
95.5,1.5,0,2,-3,attention,3
73.3,3.26,3,5,2,attention,5
96.7,1.53,0,2,-3,routine,3
66.8,3.23,0,5,-2,routine,4
61.8,2.14,3,4,-2,pattern,3
74.1,3.02,4,5,1,attention,4
58.1,3.23,1,4,3,pattern,4
73.8,2.33,2,3,3,routine,3
50.0,4.22,4,4,0,attention,3
70.2,2.93,2,4,-1,attention,4
70.1,4.16,1,4,-2,routine,3
81.9,1.54,1,2,-1,routine,2
79.7,1.11,2,3,3,memory,4
79.1,1.02,0,1,3,routine,2
68.3,2.18,2,2,3,pattern,2
87.4,3.53,5,4,-3,pattern,3
100.0,1.89,0,1,1,attention,2
59.9,3.22,3,4,-2,pattern,3
96.0,1.28,0,1,-3,routine,2
74.2,3.33,3,4,3,memory,4
100.0,0.89,0,1,3,memory,2
97.9,2.49,1,2,-3,memory,2
71.1,2.38,0,3,3,routine,3
81.8,3.04,1,3,-1,attention,3
100.0,2.27,0,1,0,routine,2
83.0,4.27,1,5,2,pattern,5
97.7,2.31,0,1,2,pattern,2
75.0,2.69,2,2,-3,routine,1
70.7,3.57,2,3,3,routine,2
100.0,3.22,0,2,-1,memory,2
61.5,4.05,2,5,-3,attention,4
81.8,2.69,0,3,0,pattern,3
68.9,2.22,5,3,-2,attention,2
84.6,2.42,1,2,-3,routine,2
99.4,1.7,0,3,1,pattern,4
55.9,2.32,3,3,0,memory,2
100.0,0.8,0,1,-2,routine,2
68.4,3.52,1,4,-2,pattern,3
71.6,2.91,3,5,0,routine,4
94.0,1.29,2,1,3,memory,2
87.5,2.29,1,3,3,pattern,4
99.1,2.26,0,2,3,pattern,3
94.2,2.32,0,1,-3,memory,1
54.6,3.9,3,5,-3,attention,4
100.0,2.67,1,1,-2,memory,1
92.3,3.32,0,2,2,attention,2
85.2,3.0,1,4,-2,memory,4
84.1,1.21,0,1,-3,memory,1
57.2,2.96,2,5,2,routine,5
71.9,3.78,2,5,2,pattern,5
100.0,2.05,1,1,-1,routine,2
94.2,2.2,0,4,0,memory,5
83.1,0.71,0,2,2,attention,3
66.1,2.89,3,3,-1,routine,2
84.5,2.45,2,2,0,pattern,2
83.7,0.99,1,2,2,attention,3
94.5,1.75,0,1,2,memory,2
60.3,4.66,5,5,2,attention,4
42.0,4.38,1,5,3,memory,4
83.7,1.61,2,1,-2,attention,1
76.9,1.74,3,2,-2,memory,2
76.0,2.93,3,4,1,pattern,4
65.8,4.69,2,4,3,attention,3
84.1,2.69,3,3,0,memory,3
51.4,3.39,6,5,3,memory,4
74.5,3.46,5,4,0,attention,3
63.4,3.19,3,4,2,attention,3
96.4,1.48,1,1,3,memory,2
86.1,1.78,1,2,2,memory,3
70.4,2.31,3,5,-2,pattern,5
91.4,2.2,3,2,0,pattern,2
84.2,3.69,1,3,-1,routine,3
93.1,2.71,0,5,0,routine,5
72.2,3.85,3,5,2,pattern,4
100.0,1.06,1,1,1,pattern,2
93.1,1.51,1,3,-2,memory,4
75.4,3.94,2,5,-2,memory,4
100.0,2.78,0,3,2,attention,4
72.5,3.33,3,5,-2,memory,4
85.5,1.98,0,3,3,pattern,4
63.2,2.28,1,3,0,attention,3
84.9,1.37,1,1,1,routine,2
93.8,2.47,0,3,-1,memory,4
83.8,2.84,2,2,3,pattern,2
51.9,2.9,4,4,1,pattern,3
53.5,2.12,6,4,-1,attention,3
47.1,2.37,2,5,2,attention,5
71.1,2.91,1,4,-3,pattern,4
91.9,1.82,1,1,1,memory,2
80.2,3.75,3,2,-1,pattern,1
68.6,3.26,0,4,3,routine,4
94.7,1.96,0,2,1,routine,3
34.6,3.63,7,5,-2,pattern,4
86.4,2.75,0,3,1,routine,3
74.9,4.06,3,5,2,pattern,4
79.6,1.71,5,2,-3,attention,2
57.7,3.24,4,5,-2,attention,4
100.0,2.4,0,2,-1,pattern,3
100.0,2.33,2,2,2,attention,3
76.0,3.4,0,3,1,pattern,3
80.9,2.63,1,3,3,pattern,3
83.1,3.61,1,4,-3,routine,3
77.2,2.89,3,3,-2,attention,3
64.7,3.23,5,4,1,attention,3
77.4,3.18,3,5,-2,attention,4
60.1,3.61,2,5,3,attention,4
84.1,1.71,3,3,0,routine,3
72.9,3.39,3,4,-2,pattern,3
64.9,3.22,2,5,-3,pattern,4
45.5,3.39,6,5,0,pattern,4
95.0,1.23,0,1,-2,routine,2
100.0,1.87,0,1,-3,memory,2
79.8,2.08,3,2,1,routine,2
78.3,0.82,2,1,1,attention,1
85.0,1.55,3,2,0,attention,2
88.3,1.85,0,2,-2,pattern,2
51.5,4.51,4,5,-1,pattern,4
90.7,0.71,4,1,-2,attention,1
90.4,2.09,1,3,2,routine,3
88.6,3.02,0,3,-1,attention,3
89.3,1.94,2,1,1,routine,1
47.1,2.73,5,4,-3,attention,3
92.9,2.04,1,2,2,memory,3
52.1,3.66,2,4,-3,attention,3
100.0,1.39,0,1,3,routine,2
71.9,2.96,5,2,-2,pattern,1
73.6,2.55,2,3,0,attention,3
99.8,3.17,0,2,1,routine,3
80.6,4.03,2,5,-3,pattern,4
53.9,3.98,3,5,-3,routine,4
61.1,1.87,4,4,1,memory,4
78.3,3.13,3,3,1,memory,2
93.2,2.78,3,3,-1,pattern,3
75.2,3.6,6,5,3,memory,4
83.6,2.13,2,4,3,attention,4
100.0,2.81,1,2,-3,memory,2
72.7,3.08,3,2,-1,memory,1
100.0,1.5,1,1,-1,pattern,2
100.0,1.73,1,1,2,routine,2
83.7,3.53,0,3,-1,memory,3
97.3,2.45,0,3,-2,routine,3
100.0,1.59,1,1,1,attention,2
82.6,1.63,1,2,-2,attention,2
94.0,2.28,2,1,0,pattern,1
46.5,1.97,4,5,-1,pattern,4
98.6,0.6,1,1,-1,attention,2
98.0,2.1,0,1,-2,routine,2
68.7,3.28,4,4,0,memory,3
67.1,2.85,3,3,0,attention,3
60.7,2.32,5,4,-2,routine,3
100.0,1.58,1,1,-3,routine,2
98.2,0.6,0,1,-3,attention,2
75.8,2.8,3,4,3,pattern,4
65.8,3.25,3,5,0,memory,4
65.6,3.96,1,5,-1,memory,4
57.7,3.19,3,5,2,pattern,4
89.5,1.59,0,3,3,memory,4
84.4,1.83,4,2,-3,pattern,2
71.3,2.96,3,3,1,memory,3
89.9,3.63,2,4,-3,routine,3
43.6,4.77,1,5,1,pattern,4
62.0,1.79,2,2,3,attention,2
54.8,3.59,2,5,-3,attention,4
94.7,1.26,0,1,2,memory,2
62.3,3.25,3,5,1,routine,4
86.3,1.54,1,2,-3,attention,2
83.9,2.94,2,4,0,attention,4
85.5,2.5,2,5,0,memory,5
99.9,0.92,0,1,-3,memory,2
74.1,2.16,1,3,1,memory,3
69.5,0.6,3,1,-1,attention,1
95.7,1.67,0,2,3,attention,3
100.0,1.98,0,2,2,attention,3
80.8,2.89,2,3,0,memory,3
100.0,1.51,0,1,3,routine,2
60.6,3.67,4,5,0,memory,4
66.9,1.12,3,1,-2,memory,1
69.8,3.01,4,3,0,attention,2
77.2,2.63,2,2,1,pattern,2
99.8,1.73,0,2,3,memory,3
68.7,2.75,2,4,-1,memory,4
82.5,1.72,1,2,1,pattern,3
88.0,0.9,1,1,0,routine,2
76.8,2.39,2,2,3,attention,2
80.6,2.45,4,5,-1,memory,5
71.6,3.58,3,5,2,pattern,5
63.3,3.47,5,5,3,routine,4
89.1,2.21,1,3,2,attention,4
100.0,2.57,0,2,-2,memory,2
90.6,1.92,0,3,3,memory,4
84.6,1.36,2,1,-3,attention,1
84.9,2.87,1,3,3,routine,3
89.9,2.73,1,3,3,pattern,4
77.0,2.44,3,4,-2,routine,4
96.7,2.31,0,2,0,memory,3
63.0,2.44,4,5,-1,attention,4
85.6,1.36,3,1,-2,pattern,1
57.7,3.88,6,5,1,pattern,4
71.8,1.6,0,3,-1,pattern,3
74.1,1.66,2,1,-3,memory,1
78.4,1.96,0,2,-3,routine,2
91.2,0.71,1,1,3,pattern,2
100.0,0.6,1,1,1,pattern,2
100.0,2.65,0,1,1,memory,2
100.0,1.15,0,2,-1,routine,3
95.4,1.27,1,1,-3,routine,2
52.7,3.02,4,4,2,attention,3
100.0,2.12,0,1,1,attention,2
68.6,3.07,2,5,0,pattern,5
73.4,2.86,3,4,2,memory,4
95.8,1.62,2,1,-3,routine,1
76.8,3.11,5,4,0,routine,3
55.4,2.85,6,5,3,attention,4
86.8,2.81,0,2,-1,memory,2
68.0,1.91,1,4,-3,routine,4
100.0,0.6,0,1,-1,memory,2
56.5,3.48,1,5,3,pattern,5
83.6,4.0,3,5,2,attention,5
57.4,2.95,4,4,-2,pattern,3
100.0,0.85,1,1,-3,attention,2
69.7,0.88,3,1,3,memory,1
89.6,2.81,0,3,0,pattern,3
95.0,2.59,1,3,1,attention,3
100.0,2.53,0,2,1,attention,3
86.3,1.0,1,1,2,memory,2
82.3,1.64,0,1,1,memory,1
100.0,1.77,0,1,3,routine,2
67.2,2.52,3,3,-3,attention,2
96.7,1.65,1,1,-1,pattern,2
97.1,3.01,0,3,-3,routine,3
75.3,3.95,2,3,-3,attention,2
38.6,3.77,5,4,2,pattern,3
83.2,2.49,0,2,2,memory,3
100.0,2.14,0,1,3,attention,2
95.0,1.8,1,3,-2,routine,3
100.0,2.15,0,1,2,pattern,2
87.7,1.41,1,3,-2,memory,3
69.1,3.48,2,5,-1,attention,4
48.7,1.75,7,2,-2,attention,1
74.8,2.79,2,3,0,memory,3
100.0,1.94,0,1,3,pattern,2
80.1,4.56,1,5,3,pattern,5
89.2,1.09,1,1,0,routine,2
97.6,1.89,0,1,3,attention,2
68.1,2.46,0,3,-3,pattern,3
100.0,2.33,0,2,3,memory,3
87.1,2.17,1,2,1,attention,2
72.3,1.72,2,3,3,memory,3
78.9,3.17,2,3,-3,attention,2
78.1,2.15,1,4,2,routine,4
56.9,2.3,6,5,0,attention,4
69.1,2.54,2,4,2,attention,4
65.9,3.0,0,3,0,routine,3
91.3,3.14,1,3,0,memory,3
49.9,3.75,2,5,1,memory,4
79.9,2.75,2,4,2,routine,4
94.1,3.21,0,3,3,routine,4
100.0,1.37,0,1,3,memory,2
71.5,1.87,3,4,0,attention,4
90.5,1.61,0,1,2,memory,2
80.1,2.1,1,5,3,memory,5
70.5,3.51,4,3,2,attention,2
58.8,4.14,6,5,1,routine,4
78.4,2.45,2,3,0,pattern,3
82.6,3.26,2,5,2,memory,5
100.0,2.57,0,1,3,memory,2
82.6,2.62,3,3,1,memory,3
89.9,1.36,0,2,0,memory,3
77.5,2.24,0,2,0,attention,2
74.1,3.62,2,5,0,memory,4
100.0,1.41,0,1,1,pattern,2
83.2,2.33,0,3,0,pattern,3
54.6,2.58,4,5,-2,memory,4
70.8,1.67,3,1,1,pattern,1
88.8,1.54,0,1,-3,attention,1
61.0,2.97,3,5,0,routine,4
74.0,2.11,3,1,-2,memory,1
60.7,2.61,1,5,-3,memory,4
82.7,3.03,1,4,2,pattern,4
60.4,2.75,0,2,0,attention,2
58.0,2.44,5,4,3,memory,3
100.0,2.2,0,2,-3,routine,3
90.3,2.04,1,1,-3,attention,1
85.7,1.61,2,1,2,routine,2
97.3,2.59,0,3,1,routine,4
81.3,1.94,1,2,-1,attention,2
54.6,1.85,5,2,-2,routine,1
67.5,4.06,2,5,1,routine,4
70.6,2.97,1,4,1,attention,4
79.4,2.78,5,5,1,attention,5
100.0,0.82,0,1,-2,memory,2
89.6,1.52,1,2,2,routine,3
66.3,2.65,3,4,-2,routine,3
74.5,3.67,0,5,-2,routine,4
89.3,3.56,0,4,3,attention,4
100.0,2.33,1,2,-2,memory,2
100.0,1.71,0,3,-1,memory,4
100.0,2.3,1,2,-1,memory,2
95.2,3.27,1,3,-3,routine,3
80.5,4.04,2,5,0,memory,4
67.0,4.08,4,5,2,memory,4
88.0,3.79,0,5,-2,attention,5
87.2,2.8,0,3,-2,pattern,3
97.7,1.69,0,2,3,memory,3
58.0,2.82,2,5,-3,pattern,4
76.6,1.74,1,1,0,attention,1
74.8,1.59,2,2,1,memory,2
100.0,1.65,0,1,3,attention,2
72.3,3.13,1,5,-3,routine,5
80.4,2.21,1,2,1,memory,2
93.5,1.81,1,1,-3,memory,1
72.6,2.67,0,4,-1,memory,4
96.0,2.53,0,2,-1,routine,3
60.7,1.42,3,2,-1,memory,2
87.3,3.59,0,3,1,memory,3
56.7,2.46,9,5,-2,routine,4
94.0,0.69,1,1,-2,pattern,2
64.6,3.89,2,5,2,routine,4
100.0,1.18,0,2,-2,routine,3
59.8,3.57,3,5,3,memory,4
82.7,2.54,1,1,2,routine,1
55.7,3.76,1,5,-2,attention,4
72.8,3.01,7,3,0,memory,2
89.5,0.6,1,1,1,attention,2
41.1,2.99,7,4,-1,attention,3
52.5,2.01,3,4,-2,memory,3
75.6,4.03,1,5,1,pattern,5
56.0,2.62,6,4,3,routine,3
77.9,3.57,0,4,1,pattern,4
86.4,1.57,0,2,-3,routine,2
95.3,1.56,0,2,1,pattern,3
96.9,1.18,1,2,-2,attention,3
71.1,3.05,3,3,-3,pattern,2
71.1,1.68,2,3,2,pattern,3
72.2,3.04,3,4,-1,attention,3
57.7,3.0,3,2,2,memory,1
85.4,1.26,3,1,3,routine,2
79.3,2.72,3,2,2,pattern,2
74.9,2.38,0,2,3,routine,2
80.9,2.29,2,2,2,routine,2
52.6,2.98,3,4,3,attention,3
75.2,2.64,2,3,3,memory,3
77.5,2.95,1,4,-3,attention,4
94.5,1.39,1,2,-2,pattern,3
81.0,2.47,3,3,2,memory,3
76.8,3.19,0,3,2,pattern,3
64.6,3.22,4,4,2,memory,3
69.8,2.98,6,4,2,pattern,3
86.9,2.97,1,4,3,attention,4
59.3,4.02,4,5,3,pattern,4
86.6,1.98,0,2,-2,routine,2
91.1,1.31,1,1,1,memory,2
66.8,2.77,2,4,3,routine,4
100.0,2.14,0,2,2,memory,3
94.5,0.6,0,1,-2,routine,2
84.7,2.53,1,3,0,memory,3
68.2,1.84,2,3,0,attention,3
90.1,2.64,0,2,1,memory,2
49.6,3.63,2,5,0,routine,4
81.4,2.04,1,1,-1,attention,1
79.7,3.1,4,4,2,attention,4
69.6,3.16,3,3,-2,memory,2
100.0,1.65,0,1,-3,attention,2
98.3,3.01,0,3,-3,pattern,3
95.6,1.47,0,1,-2,attention,2
82.6,2.76,1,2,-2,memory,2
99.9,1.93,0,3,-2,routine,4
87.9,0.8,3,1,-1,attention,1
92.6,1.36,1,2,0,routine,3
76.5,1.88,4,2,-3,pattern,1
88.6,1.76,1,1,-1,attention,2
77.5,3.23,1,4,-2,pattern,4
94.9,3.13,0,3,0,attention,3
62.7,2.82,5,5,0,attention,4
93.6,1.98,1,1,-3,attention,1
100.0,1.16,0,1,1,routine,2
89.2,3.28,1,2,0,attention,2
83.2,1.86,1,3,1,attention,4
93.6,1.26,1,2,0,memory,3
70.9,1.82,2,4,-2,attention,4
64.4,3.5,0,5,1,attention,5
56.5,3.6,5,5,0,attention,4
55.7,3.12,4,5,1,attention,4
69.7,1.69,4,1,0,routine,1
92.3,1.44,0,1,-3,pattern,2
87.2,1.15,0,1,-2,memory,2
57.6,3.64,5,5,3,memory,4
68.4,3.66,2,4,-2,memory,3
100.0,1.76,0,2,3,attention,3
82.6,1.6,4,2,3,memory,2
64.5,2.96,3,3,-1,routine,2
82.6,2.44,1,2,2,memory,2
72.0,2.63,2,4,-3,memory,3
78.6,2.02,4,3,-2,attention,3
43.8,2.59,4,5,1,routine,4
82.7,3.44,1,4,-1,pattern,4
100.0,2.07,0,2,-1,routine,3
56.6,3.89,3,5,0,attention,4
78.6,4.13,1,5,-2,memory,4
61.4,2.65,2,4,-2,attention,3
92.3,1.93,0,3,0,memory,4
77.7,3.48,1,3,0,memory,3
95.1,2.78,0,3,1,attention,4
90.1,1.9,1,2,-1,routine,2
77.2,3.65,3,5,1,pattern,5
88.0,2.45,1,3,-3,routine,3
74.2,2.62,1,4,0,memory,4
86.7,1.74,0,2,-3,attention,2
86.1,2.27,2,3,2,routine,3
80.2,1.64,2,3,2,pattern,3
83.3,1.71,1,2,2,attention,3
71.4,2.6,1,3,0,attention,3
79.0,2.8,1,3,3,attention,3
59.6,3.62,4,5,-3,memory,4
76.7,1.38,2,1,1,routine,1
85.8,2.21,2,4,-3,attention,4
74.3,1.69,4,2,-3,memory,1
85.5,3.36,0,3,2,pattern,3
75.7,2.86,3,4,1,attention,4
65.3,3.63,3,5,2,memory,4
94.1,2.41,0,3,-2,attention,4
100.0,1.93,0,3,0,memory,4
62.5,2.85,5,5,-2,pattern,4
86.8,2.72,1,2,0,attention,2
44.2,3.36,4,5,2,attention,4
69.1,2.29,2,2,3,pattern,2
95.5,1.84,0,2,-3,routine,3
73.4,2.23,1,3,2,pattern,3
91.9,2.72,0,2,-3,pattern,2
61.6,3.45,3,5,-2,attention,4
100.0,1.25,0,1,-3,pattern,2
84.9,2.5,0,3,-3,memory,3
100.0,2.47,0,2,-2,pattern,2
88.4,2.77,0,3,-2,routine,3
86.5,1.06,2,2,-3,pattern,3
87.2,2.43,2,2,-3,attention,2
85.3,1.47,0,2,2,routine,3
100.0,2.36,0,1,3,pattern,2
72.9,2.42,2,3,-2,attention,3
92.8,1.5,1,1,-1,routine,2
81.6,2.36,1,3,-1,attention,3
56.7,2.49,4,2,2,pattern,1
93.4,2.6,0,4,3,attention,5
81.9,3.36,1,4,-1,pattern,4
64.8,3.65,6,4,3,pattern,3
86.3,1.82,2,1,0,pattern,1
89.5,1.34,0,1,-3,memory,2
67.4,3.14,3,5,-1,routine,4
85.7,3.18,3,4,-1,pattern,4
100.0,1.26,1,1,-2,pattern,2
78.6,3.68,1,5,3,pattern,5
100.0,3.28,0,2,3,attention,3
81.9,2.61,0,4,-1,pattern,4
55.6,3.56,8,5,0,memory,4
79.9,2.46,0,3,-2,memory,3
79.3,0.88,3,1,-2,attention,1
91.5,1.51,0,1,-1,routine,2
78.7,3.21,0,3,3,routine,3
82.6,2.58,1,4,-2,pattern,4
51.2,2.21,3,5,1,memory,4
86.5,1.53,1,3,1,routine,4
87.1,2.01,2,2,-2,attention,2
60.4,2.37,3,2,-2,pattern,1
84.1,2.03,1,2,-3,routine,2
89.3,2.51,0,2,-1,routine,2
51.1,3.58,10,5,1,memory,4
82.0,1.98,3,1,-1,attention,1
87.6,2.15,0,3,1,attention,4
69.1,2.65,3,5,2,routine,5
83.1,2.2,1,3,-2,pattern,3
82.4,2.17,2,2,2,pattern,2
99.4,0.76,0,1,1,routine,2
70.3,3.43,0,4,3,pattern,4
72.3,2.1,3,2,2,pattern,2
85.6,0.6,1,1,0,routine,2
79.6,1.82,2,3,1,routine,3
69.6,1.66,1,2,0,attention,2
84.8,2.02,0,4,1,routine,5
83.8,1.18,2,1,3,routine,2
76.7,2.13,3,4,3,attention,4
63.0,2.73,1,4,1,memory,4
65.2,2.04,5,3,-1,memory,2
52.2,2.91,3,4,-2,memory,3
67.7,2.59,2,5,-1,routine,5
89.9,1.64,0,2,0,attention,3
85.0,1.13,0,1,3,routine,2
100.0,1.59,0,1,2,pattern,2
100.0,1.84,1,2,0,attention,3
94.1,2.66,2,5,-2,routine,5
76.8,3.0,4,4,2,memory,4
73.3,3.4,3,5,0,routine,4
55.0,4.01,2,4,-1,attention,3
92.8,2.02,0,2,0,routine,3
100.0,2.52,0,2,-3,attention,2
64.4,3.09,0,5,2,routine,5
89.8,2.47,0,3,-3,pattern,3
100.0,1.98,0,2,2,memory,3
69.0,4.23,1,5,-2,routine,4
92.1,2.34,0,3,-2,routine,3
99.5,1.97,0,1,3,attention,2
91.0,2.02,3,3,-2,routine,3
59.0,2.65,4,3,3,attention,2
94.4,1.8,0,2,2,memory,3
64.4,2.84,3,5,-2,pattern,4
97.7,2.97,0,2,-1,routine,2
43.0,3.55,3,5,-3,pattern,4
68.6,2.84,5,3,2,attention,2
77.1,2.67,2,4,0,routine,4
100.0,1.25,0,1,1,pattern,2
100.0,2.45,0,2,-2,pattern,3
83.5,2.31,3,3,0,attention,3
78.1,2.39,3,3,0,pattern,3
86.9,2.31,0,2,-3,memory,2
64.7,3.39,5,4,-2,memory,3
96.8,1.33,0,1,-2,pattern,2
90.0,1.77,0,1,-1,memory,2
77.3,2.11,1,3,-3,routine,3
59.5,3.2,1,5,-1,memory,4
100.0,0.6,0,1,-2,pattern,2
83.3,3.25,2,4,-1,attention,4
75.7,2.22,1,5,2,attention,5
86.7,2.95,0,3,0,routine,3
83.3,1.92,2,2,-2,memory,2
75.8,3.41,1,5,-3,pattern,4
100.0,1.68,0,1,-1,routine,2
74.9,3.66,1,3,1,attention,3
71.6,3.51,3,5,-1,memory,4
90.3,2.64,1,2,1,attention,2
87.6,2.53,1,2,-2,routine,2
85.1,1.67,1,2,-1,routine,2
62.2,3.21,1,3,0,routine,2
100.0,2.61,0,1,1,memory,2
100.0,1.89,0,1,-3,attention,2
78.8,1.99,3,2,2,attention,2
99.5,2.09,0,1,3,memory,2
68.1,2.45,3,3,-1,pattern,3
65.9,2.78,4,5,-1,attention,4
79.7,3.85,1,3,0,attention,3
68.0,4.59,2,5,-1,memory,4
82.6,2.05,2,4,2,memory,5
55.3,2.77,5,3,1,memory,2
96.5,1.19,0,1,-2,routine,2
71.2,2.36,4,4,1,routine,4
74.4,4.15,0,4,0,pattern,4
68.9,2.46,6,5,-2,pattern,4
75.0,0.96,2,1,-1,attention,1
76.4,3.18,1,3,-2,memory,3
86.0,2.69,0,4,-3,attention,4
82.7,2.3,1,2,1,pattern,2
49.0,2.78,6,4,-2,attention,3
46.2,4.06,4,5,-1,routine,4
100.0,1.38,0,2,1,routine,3
82.5,3.79,4,2,1,routine,1
83.0,3.04,2,3,-1,routine,3
100.0,1.83,0,1,0,routine,2
80.3,2.84,1,5,2,memory,5
63.1,4.09,3,4,1,pattern,3
99.7,1.98,0,1,-1,pattern,2
79.7,2.94,3,3,-2,memory,3
100.0,2.7,0,1,2,attention,2
88.0,2.43,1,4,-2,attention,4
71.4,2.54,2,2,-2,attention,1
100.0,1.98,0,1,-3,pattern,2
72.0,1.27,2,2,-2,routine,2
76.3,2.13,1,4,0,pattern,4
43.8,3.1,4,4,-2,attention,3
73.2,2.38,1,4,-2,routine,4
77.1,2.63,4,4,0,attention,4
80.9,2.1,1,2,-2,attention,2
83.5,2.84,1,4,-3,memory,4
100.0,1.96,0,1,-2,routine,2
100.0,1.39,1,1,-3,pattern,2
100.0,2.45,1,2,-2,routine,2
90.7,1.68,1,2,2,routine,3
83.9,3.9,0,5,1,attention,5
64.3,4.29,2,4,-1,pattern,3
52.7,3.52,5,5,2,memory,4
89.4,1.75,1,1,1,routine,2
78.6,2.75,0,3,-1,memory,3
67.7,2.23,5,5,-2,pattern,4
92.0,1.02,0,1,-1,routine,2
76.5,2.63,3,3,-1,routine,3
100.0,1.64,0,1,-3,routine,2
100.0,1.12,0,1,2,attention,2
33.4,3.11,3,5,3,pattern,4
81.5,2.35,2,4,2,pattern,4
69.1,2.58,3,3,-1,attention,2
100.0,1.48,1,1,3,routine,2
74.7,1.79,3,2,1,pattern,2
56.4,3.89,4,5,0,attention,4
67.7,2.79,4,4,-1,pattern,3
92.9,2.18,0,1,-2,pattern,2
49.9,1.69,3,4,-1,memory,3
90.5,2.29,1,3,-1,memory,3
100.0,1.96,0,3,3,pattern,4
82.9,1.98,1,3,2,pattern,4
78.6,2.21,3,2,1,pattern,2
73.8,2.14,1,3,0,routine,3
70.5,2.75,2,4,-2,pattern,4
100.0,2.67,0,1,2,attention,2
74.8,3.77,1,5,1,pattern,4
73.5,3.67,3,5,0,attention,4
62.8,3.55,5,4,-1,routine,3
31.0,3.66,3,5,3,routine,4
83.3,1.83,1,1,-1,memory,1
87.1,3.28,0,4,-3,memory,4
75.8,3.09,0,4,3,pattern,4
100.0,1.34,0,2,1,attention,3
98.0,3.5,0,1,3,routine,2
87.4,2.06,3,2,0,memory,2
100.0,2.14,0,1,-1,memory,2
85.5,2.05,3,2,3,memory,2
90.1,3.12,2,5,0,pattern,5
79.5,2.89,3,5,1,pattern,5
100.0,2.14,0,2,-1,memory,3
90.3,2.81,0,2,-3,memory,2
100.0,1.88,1,3,2,routine,4
92.5,1.91,2,1,2,routine,1
86.4,3.09,0,4,-2,attention,4
100.0,1.02,1,1,-3,routine,2
84.5,3.83,2,4,1,pattern,4
79.2,2.65,1,4,2,memory,4
100.0,1.33,0,2,0,routine,3
50.0,2.5,4,5,1,memory,4
89.6,2.72,2,3,1,routine,3
70.0,1.91,7,3,-2,memory,2
59.4,3.43,6,4,-1,routine,3
69.7,1.81,2,1,-1,memory,1
72.6,2.3,2,3,0,pattern,3
75.1,3.19,1,4,-2,pattern,3
99.2,0.6,1,1,1,memory,2
58.2,2.91,3,5,-2,routine,4
83.3,2.42,1,3,1,routine,3
82.1,4.5,1,5,-2,memory,4
70.4,2.4,4,4,0,memory,3
100.0,2.14,1,1,0,pattern,2
51.2,3.84,2,4,3,pattern,3
61.1,3.84,2,5,-3,routine,4
99.9,1.76,1,1,0,pattern,2
100.0,1.31,0,1,-2,memory,2
100.0,2.03,0,2,-2,attention,3
61.6,2.03,3,3,-3,memory,2
76.5,1.56,2,2,2,pattern,3
63.5,1.94,4,4,3,attention,4
80.6,2.47,2,3,0,attention,3
64.5,2.02,0,4,0,routine,4
78.8,2.33,4,3,2,memory,3
90.6,0.89,2,1,2,routine,2
69.4,3.12,4,4,3,memory,4
80.9,1.82,1,3,1,memory,3
87.2,2.1,2,4,2,attention,5
53.6,3.13,8,5,0,pattern,4
86.1,4.74,1,4,2,memory,4
62.8,3.82,3,5,1,attention,4
78.1,2.43,1,3,0,memory,3
98.1,1.67,0,2,0,pattern,3
83.1,1.31,2,3,1,memory,4
97.3,1.24,0,1,-2,routine,2
36.1,4.19,4,5,0,routine,4
89.4,1.94,0,1,-3,attention,1
89.5,1.35,1,1,1,attention,2
80.0,3.12,0,3,1,memory,3
89.1,2.46,4,2,-1,pattern,2
59.8,4.16,2,5,-3,pattern,4
32.9,3.48,6,5,0,attention,4
100.0,3.06,0,2,-1,memory,2
63.3,2.67,2,4,-3,routine,3
82.0,2.48,0,4,-3,attention,4
83.3,3.51,0,4,3,attention,4
100.0,1.54,0,1,0,memory,2
67.3,2.51,2,4,1,attention,4
89.4,3.55,1,5,2,pattern,5
81.8,3.71,2,4,-3,memory,3
84.9,2.99,4,5,-2,attention,4
93.5,2.48,3,3,3,memory,3
100.0,2.2,0,2,2,memory,3
74.3,2.75,1,4,3,routine,4
97.1,0.6,0,1,2,pattern,2
76.5,3.31,2,5,3,pattern,5
100.0,1.45,0,2,0,routine,3
57.0,3.53,0,4,0,memory,3
90.4,3.39,0,5,-3,attention,5
93.3,1.33,0,3,-1,memory,4
79.1,3.64,4,4,3,routine,4
73.7,0.84,0,2,2,attention,3
76.0,2.38,3,4,-3,memory,4
79.7,1.63,1,1,3,pattern,2
80.5,3.54,3,4,2,memory,4
86.0,2.21,2,2,-2,pattern,2
85.5,2.02,2,2,-1,routine,2
68.9,3.32,3,4,1,memory,3
54.5,3.19,7,5,-1,routine,4
61.4,4.72,2,5,0,memory,4
100.0,1.32,0,2,1,pattern,3
66.5,4.25,5,5,1,routine,4
100.0,2.02,0,1,1,routine,2
88.6,2.52,0,3,1,attention,3
100.0,2.71,0,2,-1,attention,3
84.6,2.3,2,2,-2,memory,2
100.0,1.74,0,1,-2,pattern,2
72.3,3.65,3,5,2,routine,4
90.5,2.64,1,3,-2,routine,3
41.0,3.72,2,4,0,pattern,3
98.2,1.7,1,1,1,attention,2
87.6,1.76,0,2,2,pattern,3
77.3,2.83,3,4,1,pattern,4
97.0,2.17,1,2,2,attention,3
89.1,1.21,0,2,-1,routine,3
63.5,2.22,1,2,1,routine,2
76.7,3.4,0,5,3,attention,5
96.1,3.0,1,3,0,pattern,4
96.1,0.86,1,1,0,pattern,2
91.5,1.46,0,2,-1,memory,3
96.8,1.33,0,1,3,pattern,2
75.4,2.63,1,3,-2,memory,3
80.6,1.95,0,3,3,memory,4
65.5,4.53,2,5,0,attention,4
73.1,4.36,1,5,3,routine,5
96.4,0.94,0,2,3,attention,3
86.2,2.32,1,3,2,routine,3
98.5,1.98,0,1,3,pattern,2
75.6,3.06,0,4,2,pattern,4
82.7,3.63,3,5,-3,memory,4
79.8,3.1,0,2,-1,memory,2
60.1,3.32,3,4,0,routine,3
92.3,4.33,0,4,-1,attention,4
51.4,2.88,3,5,3,pattern,4
95.1,1.85,0,1,3,memory,2
100.0,1.31,0,1,1,routine,2
79.9,1.68,1,3,1,pattern,3
87.2,1.85,0,1,-2,memory,2
100.0,1.38,1,1,3,routine,2
96.3,3.09,1,4,3,memory,5
51.4,3.3,4,5,2,memory,4
82.7,2.23,0,3,0,routine,4
100.0,0.6,0,1,3,routine,2
87.4,3.35,1,3,-1,pattern,3
64.9,3.65,7,5,-3,memory,4
67.0,3.23,1,4,2,routine,4
86.4,4.26,1,4,1,memory,4
66.1,3.23,5,4,2,routine,3
81.7,0.8,0,2,-1,routine,3
94.5,1.72,1,2,2,routine,3
57.3,4.42,5,5,-3,attention,4
80.7,2.51,4,4,-2,routine,3
54.6,4.64,2,5,-3,memory,4
77.8,4.15,1,5,-1,memory,4
56.7,1.53,5,3,0,memory,2
76.0,4.06,2,3,-3,routine,2
63.0,1.91,10,2,2,routine,1
74.6,2.95,3,3,-1,attention,2
74.0,4.0,1,5,-1,routine,4
100.0,0.6,0,2,-3,attention,3
68.2,3.49,4,4,1,routine,3
95.4,2.62,0,2,-1,attention,2
87.0,3.01,0,3,-3,routine,3
76.7,3.08,2,3,-2,attention,2
73.2,3.29,2,5,1,attention,5
84.6,2.52,0,2,2,memory,2
96.8,1.6,0,1,-1,pattern,2
71.0,1.44,3,1,-3,routine,1
92.1,2.3,2,2,-3,pattern,2
58.3,3.5,2,5,-3,routine,4
100.0,1.71,0,3,-1,routine,4
94.5,2.0,1,2,-2,memory,3
89.9,1.11,0,1,2,pattern,2
83.4,1.81,0,1,-3,memory,1
81.2,2.15,1,2,-3,memory,2
64.1,1.32,2,2,0,memory,2
81.0,2.52,1,3,-1,memory,3
73.6,2.03,3,2,1,memory,2
77.1,2.33,2,4,-2,attention,4
100.0,1.75,0,2,-2,memory,3
69.8,2.5,4,3,-1,memory,2
65.8,2.34,0,3,2,routine,3
68.0,3.07,2,3,-2,routine,2
96.3,2.03,1,1,1,memory,2
42.8,3.79,10,5,2,memory,4
72.7,0.94,1,1,-3,attention,1
81.3,1.24,3,1,-3,attention,1
84.2,3.73,2,5,-1,memory,5
78.6,1.19,2,1,0,pattern,1
64.0,2.97,2,4,0,attention,3
90.4,2.19,3,2,2,attention,2
53.3,3.12,2,4,0,routine,3
75.0,2.23,2,3,0,attention,3
88.4,2.42,1,1,1,routine,1
57.2,3.87,3,4,3,attention,3
64.0,5.01,2,5,-1,memory,4
68.0,2.87,3,4,3,routine,4
88.8,1.26,0,2,-1,pattern,3
76.2,3.58,3,4,2,attention,4
91.7,3.1,0,2,-3,routine,2
93.2,2.2,0,3,-3,routine,3
79.9,1.42,0,3,-3,memory,3
68.4,2.09,3,4,-2,attention,3
78.3,2.42,1,2,1,routine,2
65.2,3.08,3,5,3,routine,5
42.9,3.31,4,5,0,pattern,4
96.2,2.89,1,3,-2,pattern,3
95.2,1.72,0,1,2,routine,2
66.5,2.25,2,5,2,pattern,5
57.5,2.18,6,2,2,pattern,1
100.0,2.72,0,3,-3,attention,3
97.2,0.6,0,1,-1,pattern,2
79.5,3.34,0,3,1,pattern,3
90.5,0.65,2,1,0,attention,2
73.3,2.6,2,4,1,pattern,4
88.9,2.6,0,4,-2,attention,4
69.0,4.5,4,5,3,routine,4
73.1,2.71,1,3,-1,pattern,3
69.0,2.25,4,3,-1,attention,2
94.1,1.73,1,2,1,pattern,3
79.9,3.26,2,5,2,memory,5
73.3,2.33,6,2,2,routine,1
65.2,2.09,4,4,0,routine,3
82.6,2.2,2,2,1,attention,2
82.7,2.48,2,2,0,routine,2
69.5,3.76,1,5,3,pattern,5
76.7,1.67,2,2,-3,attention,2
94.2,3.02,1,4,1,memory,4
81.1,2.74,0,4,-2,memory,4
86.6,2.12,0,2,1,attention,3
53.1,3.1,4,5,1,memory,4
72.0,3.81,2,4,-2,attention,3
72.7,1.07,7,2,0,pattern,2
86.4,1.63,1,2,3,routine,3
63.6,3.64,0,5,0,memory,5
47.6,3.29,5,4,2,routine,3
87.7,2.63,0,3,0,memory,3
79.4,3.33,1,5,-3,attention,4
59.5,3.57,1,5,1,pattern,4
81.1,0.91,0,3,1,pattern,4
71.6,4.01,0,4,1,routine,4
98.1,2.38,0,2,0,attention,3
45.3,3.12,4,5,3,routine,4
89.4,2.45,0,3,0,routine,4
55.1,1.73,3,3,3,memory,3
87.6,3.25,3,1,2,pattern,1
94.4,2.94,0,2,-1,pattern,2
97.9,2.24,0,1,-2,routine,2
86.4,2.33,1,4,-3,attention,4
70.6,3.55,3,5,2,memory,4
68.7,4.67,3,5,3,attention,4
71.4,3.67,2,4,3,attention,4
67.2,3.68,5,3,-2,memory,2
80.7,2.08,0,3,0,routine,3
55.0,3.05,4,4,2,memory,3
100.0,1.21,0,1,-2,memory,2
100.0,1.33,0,2,1,routine,3
78.4,3.06,1,4,3,memory,4
92.8,2.06,3,2,0,memory,2
30.3,3.79,9,5,-2,pattern,4
63.4,2.47,1,5,-2,attention,5
65.4,4.1,2,5,3,routine,4
68.2,2.07,2,3,2,routine,3
70.8,3.23,3,5,3,routine,5
81.5,1.94,4,1,1,memory,1
89.6,2.88,1,3,-1,memory,3
64.4,3.28,3,5,-2,pattern,4
65.5,2.01,5,3,2,pattern,3
81.1,3.46,1,5,-3,memory,4
61.2,2.87,5,4,-3,attention,3
63.5,3.29,2,5,3,routine,5
69.4,1.7,3,2,0,routine,2
100.0,1.16,0,1,2,routine,2
96.7,1.51,0,3,-3,attention,4
100.0,2.62,1,2,-2,routine,2
67.6,1.84,0,2,-2,pattern,2
61.3,3.15,3,3,0,pattern,2
100.0,3.19,0,2,-1,memory,3
86.9,2.57,1,4,-2,memory,4
55.2,4.42,9,4,2,pattern,3
74.1,2.06,4,3,2,routine,3
100.0,1.32,0,2,1,routine,3
96.4,1.94,0,1,-1,attention,2
53.0,3.0,4,5,0,memory,4
71.4,2.49,4,4,0,attention,3
91.4,3.94,3,4,3,routine,4
85.5,2.93,3,2,3,pattern,2
71.4,3.15,6,4,1,pattern,3
78.8,2.34,4,2,1,memory,2
87.8,3.22,2,1,-3,attention,1
87.2,2.39,1,3,1,attention,3
74.2,3.74,2,5,2,memory,5
47.4,2.15,7,5,2,memory,4
100.0,2.02,0,1,-2,attention,2
62.4,3.89,5,5,0,routine,4
91.4,3.59,1,4,3,pattern,4
89.7,1.38,2,2,2,attention,3
100.0,2.51,0,2,-2,memory,3
68.7,2.74,8,3,0,attention,2
92.4,1.22,0,1,-1,pattern,2
44.1,1.8,6,4,2,attention,3
76.1,2.72,0,4,-1,attention,4
56.4,3.81,4,5,1,attention,4
87.9,0.72,0,1,-1,routine,2
91.2,2.02,0,2,0,attention,3
65.8,2.51,4,2,-1,pattern,1
79.3,2.28,2,5,2,pattern,5
82.8,1.37,2,2,-3,attention,2
81.5,3.9,3,4,-3,routine,3
91.1,4.12,0,4,2,memory,4
61.0,3.55,5,5,1,memory,4
100.0,2.72,0,3,-2,routine,3
60.1,2.62,3,5,-3,routine,4
65.6,2.65,3,4,-3,pattern,3
64.3,3.86,1,5,3,routine,5
75.6,1.6,1,1,1,routine,1
73.5,2.62,5,4,-2,routine,3
94.4,2.27,1,3,-1,attention,3
100.0,1.41,1,2,-1,pattern,3
54.9,4.06,4,5,2,attention,4
100.0,1.85,0,1,2,routine,2
87.9,2.11,0,3,-2,memory,3
52.4,4.55,4,5,-2,routine,4
84.1,3.45,1,4,-3,pattern,4
56.5,2.79,3,5,2,pattern,4
100.0,1.93,1,1,1,pattern,2
58.5,3.09,5,3,2,attention,2
52.7,3.27,3,5,-2,pattern,4
100.0,1.99,0,1,3,memory,2
100.0,1.46,0,2,2,routine,3
58.5,2.59,0,4,-3,attention,3
67.9,2.69,1,3,-3,memory,2
67.6,3.22,2,5,2,attention,5
42.7,3.61,7,5,1,routine,4
64.2,3.19,3,5,-1,routine,4
76.2,2.05,3,2,1,memory,2
69.7,0.76,3,3,-3,pattern,3
69.1,3.49,3,5,1,routine,4
100.0,0.99,0,1,-3,routine,2
77.2,3.08,0,4,-2,routine,4
100.0,1.95,0,3,-1,routine,4
72.7,2.18,4,2,2,pattern,2
90.1,1.74,0,1,1,routine,2
100.0,2.34,0,1,3,attention,2
100.0,1.32,0,1,2,routine,2
91.1,2.15,0,1,2,memory,2
60.2,1.88,3,3,3,routine,3
62.2,3.83,4,5,2,pattern,4
96.5,1.5,1,1,0,routine,2
72.4,2.14,4,2,0,routine,2
68.2,1.62,5,2,1,routine,2
73.1,1.94,0,4,1,memory,4
81.9,1.48,5,2,2,pattern,2
57.6,3.85,6,5,2,pattern,4
67.0,1.92,3,5,-3,attention,5
87.2,2.13,2,1,2,memory,1
94.2,2.34,0,1,-1,attention,2
83.3,2.47,1,4,0,memory,4
90.9,2.49,2,1,1,pattern,2
98.3,2.23,0,2,-1,attention,3
54.1,2.78,7,5,-3,attention,4
69.6,2.79,2,4,-1,memory,4
84.3,2.01,2,2,3,memory,3
89.5,0.6,0,1,-2,routine,2
81.8,2.7,0,3,-1,pattern,3
71.0,2.0,2,1,0,attention,1
84.4,0.6,3,1,2,pattern,2
47.7,3.71,7,5,0,routine,4
62.7,1.78,4,3,-3,routine,2
78.6,2.97,3,3,-2,memory,3
45.5,3.29,4,5,-1,routine,4
86.7,2.67,2,2,0,memory,2
96.5,2.67,1,3,3,attention,4
96.3,4.01,0,5,2,attention,5
58.9,3.25,2,4,-3,attention,3
57.9,2.06,6,3,1,memory,2
69.6,1.83,2,1,2,pattern,1
49.9,3.44,4,5,-2,routine,4
50.7,2.28,5,5,2,memory,4
74.8,3.47,3,5,-2,memory,4
90.3,1.79,1,1,0,memory,2
89.6,4.18,2,5,1,routine,5
44.6,3.61,4,4,-1,memory,3
80.7,1.42,0,1,-1,attention,1
75.5,2.24,0,1,1,attention,1
64.4,5.02,1,5,2,pattern,4
73.9,2.74,3,4,-3,routine,3
69.9,2.06,3,3,1,routine,3
54.9,2.83,5,5,0,routine,4
100.0,1.0,0,1,1,attention,2
43.0,3.0,4,5,2,pattern,4
56.4,3.19,1,4,2,memory,3
64.6,2.32,5,3,-2,pattern,2
100.0,3.01,0,3,-3,memory,3
94.5,2.76,0,3,1,attention,4
60.3,3.15,4,4,1,pattern,3
79.3,3.13,1,4,2,pattern,4
82.8,2.76,0,3,-3,attention,3
68.5,2.51,1,5,0,attention,5
81.1,1.52,2,2,-1,memory,2
80.8,1.95,0,3,-1,attention,3
86.8,2.35,1,2,1,pattern,2
95.8,0.68,0,1,0,pattern,2
88.3,2.46,1,3,3,memory,4
84.7,1.62,2,2,0,routine,2
67.4,1.97,6,3,1,pattern,2
54.7,2.9,7,5,1,attention,4
62.9,3.12,7,4,3,memory,3
71.3,2.81,2,4,2,routine,4
81.8,0.92,5,4,-1,memory,4
60.5,1.46,5,2,2,attention,2
83.0,2.96,3,4,-3,routine,3
100.0,2.06,0,3,-3,attention,4
76.6,3.23,1,5,0,pattern,5
85.9,0.86,0,3,-2,attention,4
96.1,2.67,1,2,2,routine,3
60.5,3.33,2,5,0,memory,4
83.3,2.22,0,2,-1,attention,2
73.8,3.13,4,3,1,attention,2
100.0,3.11,0,3,-1,memory,4
87.8,2.74,0,2,-3,attention,2
95.3,1.02,0,1,0,memory,2
74.4,3.52,3,3,3,memory,2
100.0,1.47,0,1,0,memory,2
59.4,4.01,4,5,1,attention,4
100.0,2.07,0,3,2,memory,4
97.9,2.55,0,1,-1,pattern,1
85.3,3.11,1,1,1,pattern,1
65.7,3.62,1,3,1,pattern,3
97.8,2.65,0,3,1,routine,4
74.3,2.66,3,3,-2,attention,2
83.6,1.0,1,2,1,memory,3
98.0,2.86,1,4,3,memory,5
65.1,2.84,1,5,-2,attention,5
100.0,2.32,1,1,1,attention,2
66.0,1.89,2,4,-3,pattern,4
73.8,2.56,2,4,-1,attention,4
100.0,2.16,0,2,1,pattern,3
61.5,3.56,0,5,-1,routine,4
78.7,2.12,2,2,-3,routine,2
45.6,2.07,6,4,-2,routine,3
93.5,3.67,1,3,-3,routine,3
93.6,1.89,0,2,-2,pattern,3
50.8,4.51,2,5,1,memory,4
65.9,3.89,1,5,-3,attention,4
100.0,1.9,0,1,1,memory,2
53.1,3.61,3,5,-1,pattern,4
79.0,2.27,3,4,3,routine,4
69.6,3.47,6,4,-3,attention,3
64.4,3.08,5,3,-1,memory,2
100.0,1.06,1,1,1,routine,2
83.7,1.58,1,2,1,attention,2
76.6,3.25,3,4,0,memory,4
95.2,0.87,0,1,0,attention,2
57.5,2.2,3,3,2,routine,2
53.4,3.75,6,5,-2,attention,4
85.6,3.26,2,2,2,attention,2
62.1,3.1,2,5,2,pattern,4
93.7,2.64,1,1,1,attention,2
76.8,3.14,3,5,2,routine,5
76.7,2.82,3,4,1,attention,4
42.4,4.1,5,5,-1,memory,4
100.0,0.76,0,1,-2,pattern,2
73.1,3.53,3,5,-2,pattern,4
76.3,2.5,1,3,-2,memory,3
95.7,2.46,0,2,3,routine,3
89.1,2.34,0,3,2,memory,4
78.0,3.24,3,4,-1,pattern,3
70.4,2.52,3,3,3,attention,3
92.5,2.2,1,3,1,pattern,4
69.2,3.38,2,4,1,memory,3
78.5,1.71,5,3,3,attention,3
80.6,1.42,3,1,-3,attention,1
100.0,0.93,0,1,3,routine,2
78.6,3.55,3,5,0,routine,4
69.3,3.06,3,5,3,memory,5
94.9,1.06,0,1,-2,attention,2
88.0,2.61,1,2,0,pattern,2
87.3,3.15,0,4,0,attention,4
53.5,3.82,2,5,0,pattern,4
86.6,2.85,1,4,0,routine,4
95.9,2.04,0,2,0,pattern,3
93.4,1.39,0,2,1,pattern,3
68.6,3.05,3,3,-3,attention,2
100.0,1.55,0,1,2,routine,2
44.6,3.65,5,5,1,memory,4
81.2,1.85,0,2,-1,memory,2
96.2,1.72,0,1,3,attention,2
98.3,2.4,0,2,-1,memory,3
83.9,1.35,1,2,2,attention,3
87.8,3.91,1,5,2,pattern,5
76.4,2.49,2,2,-2,memory,2
77.3,3.56,1,3,-2,pattern,3
74.1,3.59,5,4,3,attention,3
78.4,0.6,4,1,3,memory,2
82.8,2.42,1,4,-2,attention,4
99.6,1.99,0,2,-2,attention,3
83.4,1.82,2,2,2,pattern,2
57.1,4.3,2,5,-1,routine,4
71.1,2.89,1,4,-2,pattern,4
71.3,4.54,1,4,-3,pattern,3
100.0,2.28,0,3,2,attention,4
59.4,2.9,5,5,1,memory,4
88.7,1.77,0,2,3,pattern,3
75.4,1.62,1,2,-3,pattern,2
73.9,2.86,7,3,-2,attention,2
75.8,2.32,0,3,0,pattern,3
52.9,3.46,6,5,1,attention,4
43.1,3.25,7,5,1,pattern,4
60.7,4.15,3,5,3,memory,4
100.0,1.57,0,1,-3,routine,2
74.7,1.87,2,1,3,pattern,1
98.1,1.31,0,1,2,pattern,2
73.4,3.06,3,4,1,attention,4
85.1,1.65,1,2,2,routine,3
100.0,1.34,0,1,-2,pattern,2
59.7,2.5,4,4,-1,pattern,3
90.6,0.97,2,1,0,attention,2
82.7,2.53,2,3,-2,attention,3
81.0,1.78,0,1,2,routine,2
71.8,2.1,2,3,-2,attention,3
82.0,2.36,2,2,0,routine,2
79.5,1.29,2,2,-2,pattern,2
65.7,2.74,5,4,2,attention,3
100.0,2.16,0,2,1,memory,3
73.3,2.01,2,2,-2,attention,2
61.9,3.24,5,4,-2,attention,3
94.0,3.43,0,4,3,memory,4
86.3,0.7,1,2,1,attention,3
63.6,4.41,1,5,1,routine,4
90.5,2.44,0,3,2,memory,4
90.8,2.3,0,1,-2,pattern,1
67.9,4.34,4,5,-3,memory,4
66.8,1.83,2,3,-1,memory,3
69.2,3.78,3,5,-1,memory,4
100.0,0.66,1,1,3,pattern,2
100.0,1.51,0,2,0,memory,3
100.0,1.66,0,1,3,memory,2
84.6,1.37,2,1,-1,pattern,1
71.8,1.79,2,3,2,routine,3
68.1,2.66,3,3,-2,routine,2
82.2,3.32,2,5,3,pattern,5
86.9,3.29,0,3,2,routine,3
98.1,1.56,0,2,2,attention,3
87.4,1.85,1,2,0,memory,3
94.9,1.08,0,1,-2,memory,2
88.8,3.81,2,4,3,pattern,4
76.1,4.6,2,4,0,memory,3
80.7,2.48,2,1,-1,routine,1
67.8,1.86,2,3,3,pattern,3
89.7,0.67,2,1,2,routine,2
74.6,2.82,6,4,-1,pattern,3
90.3,2.27,1,2,0,memory,2
79.0,1.26,0,3,-2,pattern,4
95.0,3.69,1,5,-2,memory,5
75.8,1.19,0,2,3,pattern,3
52.3,2.71,6,4,-3,routine,3
71.7,1.47,1,2,-2,memory,2
60.1,2.19,3,3,-2,routine,2
81.9,1.11,2,1,2,memory,2
59.5,2.54,3,3,1,memory,3
78.3,3.12,1,4,1,attention,4
100.0,1.61,1,1,-1,attention,2
82.4,1.29,1,2,-2,routine,2
96.3,1.54,0,1,1,pattern,2
61.8,1.67,3,4,-2,memory,4
100.0,1.56,1,1,0,pattern,2
48.0,3.06,2,5,-3,routine,4
69.6,3.74,5,5,0,routine,4
80.5,1.36,0,1,-2,memory,1
93.0,2.29,1,1,3,routine,2
60.1,2.95,3,4,3,pattern,4
74.9,2.97,2,2,3,attention,2
73.9,2.4,0,3,-1,routine,3
80.1,2.43,2,3,-3,routine,3
62.8,2.3,2,3,-1,pattern,2
82.7,4.02,3,5,2,routine,4
70.5,2.64,2,4,-2,memory,3
93.3,1.39,1,1,1,memory,2
82.9,2.68,1,4,-1,attention,4
56.3,2.88,4,5,3,pattern,4
79.4,1.16,2,1,3,memory,2
81.0,3.64,2,5,-1,routine,5
100.0,1.06,0,1,2,routine,2
82.0,1.65,1,2,-2,routine,2
68.2,3.53,1,5,0,routine,4
81.7,2.23,2,2,3,routine,2
56.4,2.71,2,4,3,attention,3
57.9,3.34,2,5,3,routine,4
100.0,1.48,0,2,0,pattern,3
91.1,1.98,1,1,-1,pattern,1
67.6,1.34,2,1,1,memory,1
90.6,1.65,0,1,2,attention,2
65.1,1.87,2,4,-3,pattern,4
100.0,2.77,0,1,2,attention,2
60.4,1.85,3,4,-1,memory,3
54.4,3.26,2,5,2,memory,4
78.5,3.0,1,4,2,pattern,4
90.0,4.93,0,5,-3,memory,4
59.3,2.82,5,5,0,routine,4
86.5,2.01,3,4,1,routine,4
90.1,1.68,0,1,-2,attention,1
100.0,1.13,0,1,3,attention,2
80.2,2.42,1,3,1,pattern,3
52.2,3.46,2,4,-1,pattern,3
75.7,4.01,1,5,0,pattern,4
71.6,2.9,1,2,0,attention,2
59.2,3.97,3,5,-1,memory,4
70.8,2.13,4,3,-2,memory,3
93.0,2.57,1,2,3,routine,3
98.3,1.53,0,2,-2,routine,3
100.0,2.45,0,1,0,memory,2
63.3,3.23,2,5,3,attention,4
97.7,1.83,0,3,2,routine,4
100.0,1.92,0,1,2,routine,2
74.3,1.94,4,2,-3,routine,1
87.1,2.06,1,3,-3,memory,3
80.7,3.0,3,3,-1,pattern,2
58.9,3.81,2,5,2,attention,4
90.8,2.24,0,2,0,pattern,3
87.3,1.63,2,2,0,routine,2
83.1,2.71,0,3,2,pattern,4
84.5,2.1,1,3,-3,routine,3
89.3,0.61,2,1,3,attention,2
43.7,3.98,4,5,-2,pattern,4
71.3,3.88,1,5,-2,pattern,4
100.0,1.36,0,1,1,pattern,2
77.9,1.24,4,2,1,attention,2
81.4,1.23,1,3,-3,pattern,3
80.4,2.86,3,3,-1,pattern,3
82.7,1.05,1,1,-1,pattern,2
60.9,1.65,2,2,1,routine,2
100.0,2.17,0,2,0,routine,3
83.9,2.79,1,1,1,pattern,1
72.6,2.62,3,2,3,pattern,2
62.3,2.39,3,5,1,routine,5
60.8,3.2,3,5,1,memory,4
97.1,4.43,0,5,3,routine,5
99.1,4.17,0,3,-1,attention,3
94.8,2.41,1,4,-3,memory,4
92.0,1.01,0,2,3,memory,3
95.2,2.85,1,2,-1,memory,2
76.7,2.06,2,4,-3,routine,4
96.2,1.21,0,1,2,memory,2
77.8,2.6,5,2,0,attention,2
67.0,3.47,3,5,-3,memory,4
67.1,3.43,1,3,-2,routine,2
60.2,3.75,2,5,-2,memory,4
94.5,0.66,0,2,3,attention,3
66.3,3.7,1,4,2,memory,4
92.4,3.72,0,3,3,pattern,3
66.9,1.84,5,5,0,attention,4
91.9,0.6,0,1,0,attention,2
68.0,2.09,2,3,-2,routine,2
100.0,0.9,0,1,0,routine,2
90.1,2.28,0,2,-1,attention,2
43.7,4.48,3,5,3,pattern,4
75.7,3.19,3,5,0,memory,4
55.2,4.43,3,5,3,attention,4
100.0,1.45,0,1,2,pattern,2
54.9,3.77,1,4,1,attention,3
92.3,1.64,1,2,-2,routine,2
94.4,2.66,1,2,0,attention,2
57.4,3.95,4,5,2,memory,4
85.7,2.43,2,2,-1,routine,2
81.2,2.49,0,5,2,routine,5
57.5,4.29,5,4,3,attention,3
100.0,1.32,0,1,3,attention,2
77.3,1.54,1,3,3,attention,3
72.2,2.57,3,4,-1,memory,4
100.0,0.6,0,1,-2,attention,2
94.2,1.22,0,1,-1,routine,2
46.5,3.44,5,5,3,pattern,4
93.1,2.08,0,2,-2,attention,2
54.0,4.0,5,5,1,pattern,4
69.4,3.82,4,5,-1,memory,4
83.9,1.58,1,2,-2,pattern,2
73.1,2.62,1,3,-3,routine,3
50.4,3.81,4,5,2,attention,4
72.0,3.08,1,5,-2,attention,4
61.6,2.92,2,3,0,memory,3
91.4,1.16,0,1,0,attention,2
72.0,2.32,1,3,1,routine,3
82.8,1.81,1,2,0,routine,3
76.7,2.1,4,3,2,pattern,3
74.6,3.2,3,3,-1,attention,2
100.0,1.98,0,1,0,pattern,2
60.6,1.74,4,3,-2,memory,2
76.4,2.15,5,5,3,memory,5
96.8,0.95,2,1,-1,pattern,2
72.0,3.34,2,4,1,memory,3
89.6,2.51,1,3,-3,attention,3
59.6,3.68,4,5,2,pattern,4
68.6,2.49,5,3,-3,attention,2
74.5,3.08,6,4,-2,memory,3
96.0,1.61,1,1,-2,memory,1
95.0,2.13,0,2,3,attention,3
81.5,2.79,2,3,0,memory,3
35.8,3.78,3,5,0,pattern,4
68.4,4.27,4,5,-2,pattern,4
50.6,1.88,2,3,1,attention,3
100.0,1.41,0,1,-3,attention,2
93.4,1.27,1,1,1,attention,2
88.6,2.44,0,1,3,routine,2
71.9,2.56,4,4,-3,memory,3
78.7,3.33,2,4,1,attention,4
48.9,2.34,1,4,3,attention,4
87.1,1.25,3,2,-1,pattern,2
92.6,2.71,0,3,0,attention,4
76.3,4.25,3,4,-2,pattern,3
64.4,1.39,6,3,-2,memory,2
54.6,1.83,1,3,2,pattern,3
71.0,2.51,3,3,1,routine,3
85.9,1.27,2,3,1,pattern,4
60.9,4.24,2,5,3,memory,4
86.5,2.13,0,3,-3,routine,3
88.3,3.59,2,4,-2,routine,4
82.5,0.67,0,1,3,routine,2
79.5,2.62,0,3,-1,attention,3
95.7,2.55,0,3,-1,pattern,4
63.2,1.8,2,4,0,attention,4
95.1,2.47,1,3,0,pattern,4
72.2,3.94,5,4,2,pattern,3
89.8,2.3,0,2,-3,attention,2
82.9,3.63,3,3,2,pattern,3
65.6,3.39,4,5,2,memory,4
57.3,3.12,4,4,-2,attention,3
87.8,1.7,1,2,-1,routine,2
88.5,2.47,0,3,-2,routine,3
67.8,2.02,5,3,0,pattern,2
62.4,3.71,4,5,-1,routine,4
77.1,3.14,2,3,2,pattern,3
83.1,2.63,2,3,-1,pattern,3
83.2,2.61,2,2,0,attention,2
69.5,3.34,1,3,-3,memory,2
87.8,3.14,0,3,2,memory,4
79.6,3.66,1,4,3,pattern,4
79.6,2.96,0,4,-2,attention,4
69.5,3.87,3,5,-3,memory,4
63.3,1.95,4,3,0,pattern,2
64.3,3.99,5,5,-1,attention,4
89.6,1.52,1,3,3,attention,4
85.4,3.83,2,4,-2,memory,3
60.7,3.73,4,5,3,attention,4
86.4,2.09,1,2,2,memory,2
62.9,2.8,3,4,1,pattern,3
89.2,1.32,3,1,3,attention,2
83.3,2.93,1,4,0,attention,4
55.8,4.0,4,5,3,attention,4
59.4,2.72,2,4,0,routine,4
77.6,2.44,2,3,1,attention,3
75.6,3.6,1,3,-2,memory,2
76.6,2.02,5,4,-1,memory,4
79.6,2.85,4,4,0,attention,4
68.6,1.93,1,5,-3,memory,5
100.0,1.34,0,1,0,attention,2
91.1,2.81,0,3,-2,attention,3
58.2,3.43,1,4,0,routine,3
51.4,3.49,5,5,2,attention,4
73.3,3.34,3,5,0,memory,4
58.8,4.02,0,5,3,memory,5
60.6,4.31,1,5,-1,routine,4
69.3,2.52,4,2,-2,memory,1
97.5,1.68,0,2,-1,memory,3
92.0,1.25,0,1,-2,routine,2
83.0,2.06,1,3,2,memory,4
85.6,2.86,2,2,3,pattern,2
52.6,4.81,5,5,-1,memory,4
50.9,3.03,5,5,-2,memory,4
73.7,2.8,2,4,1,memory,4
96.1,2.44,2,1,-3,attention,1
64.6,1.6,0,4,3,attention,4
81.8,3.47,0,5,2,memory,5
100.0,1.98,1,2,1,routine,3
64.0,3.43,4,5,2,attention,4
86.5,2.28,0,2,3,pattern,3
96.5,1.75,0,2,-1,pattern,3
98.0,0.6,0,1,1,routine,2
69.1,3.05,1,3,3,pattern,3
80.3,3.35,0,4,-1,pattern,4
92.1,2.84,0,3,0,memory,3
73.5,2.09,1,3,-1,pattern,3
91.3,2.0,1,2,2,memory,3
73.8,0.83,2,1,0,pattern,1
72.5,2.53,0,2,-3,attention,2
60.7,2.6,4,5,0,attention,4
100.0,2.33,0,2,0,routine,3
100.0,2.76,0,3,3,pattern,4
76.0,2.79,5,2,3,attention,2
91.4,3.65,0,2,0,pattern,2
90.9,2.39,1,2,-3,attention,2
88.5,2.56,0,3,2,pattern,4
59.8,3.0,3,5,-2,attention,4
92.5,2.16,0,3,-1,pattern,3
77.0,3.29,4,5,-2,routine,4
55.4,4.11,5,5,1,routine,4
83.9,1.88,2,1,-1,pattern,1
94.2,2.18,1,3,-3,attention,3
76.7,2.92,5,5,-2,attention,4
58.8,3.24,2,4,0,routine,3
86.5,2.57,1,4,3,pattern,4
100.0,1.7,0,1,1,attention,2
72.6,3.83,1,5,-1,attention,4
64.5,2.17,1,4,0,routine,4
58.4,3.55,2,4,0,memory,3
83.4,2.44,2,5,-2,memory,5
81.4,3.45,2,5,0,memory,5
66.2,3.17,2,5,-3,memory,4
100.0,1.12,1,1,0,routine,2
91.0,1.95,2,3,1,pattern,3
78.3,2.94,0,4,-3,memory,4
95.3,1.4,0,1,1,routine,2
100.0,0.76,0,1,-1,pattern,2
69.1,3.65,3,5,2,routine,4
93.1,1.62,0,1,-3,attention,2
70.8,3.25,4,5,3,routine,4
100.0,1.08,0,1,2,attention,2
100.0,1.72,0,1,-3,pattern,2
95.3,2.79,0,4,-3,memory,4
100.0,1.49,0,1,-1,pattern,2
64.0,3.01,1,5,3,pattern,5
51.1,3.74,3,5,-1,routine,4
88.4,1.88,2,3,2,routine,4
92.7,1.48,1,1,-3,memory,2
80.6,1.19,2,2,-3,attention,2
69.4,2.59,3,4,2,attention,4
78.4,2.38,1,3,-2,pattern,3
100.0,1.1,0,1,3,memory,2
83.2,2.86,2,4,-2,memory,4
95.4,2.99,0,3,3,routine,4
79.8,3.13,1,5,2,attention,5
92.9,3.52,1,4,-3,pattern,4
74.7,1.2,3,2,-2,attention,2
93.9,2.0,0,1,-1,attention,1
82.9,3.13,1,3,1,routine,3
96.7,1.78,1,1,0,attention,2
100.0,1.42,0,1,2,routine,2
75.9,1.68,3,2,-1,attention,2
47.0,4.44,6,5,3,pattern,4
82.3,2.32,0,4,-1,memory,4
71.2,2.38,6,3,1,routine,2
71.2,2.69,2,3,2,pattern,3
87.3,0.6,4,1,2,memory,2
87.5,2.56,1,2,3,routine,2
71.3,2.88,4,4,0,attention,3
34.6,4.52,2,5,3,memory,4
94.6,1.77,0,1,1,attention,2
98.8,1.82,0,2,-3,routine,3
87.8,2.01,2,3,-3,routine,3
80.1,1.93,1,2,-2,routine,2
71.0,2.2,4,4,0,routine,4
80.5,2.88,2,4,2,routine,4
83.9,1.3,2,4,-2,pattern,4
80.2,2.01,1,1,0,memory,1
100.0,1.99,0,1,-2,routine,2
66.2,2.09,2,2,-2,attention,2
49.3,2.35,4,4,2,pattern,3
93.9,2.47,2,2,2,routine,3
62.0,4.18,5,4,1,routine,3
80.8,3.91,1,5,-3,routine,4
98.8,3.09,0,3,-1,routine,4
97.0,1.05,0,1,-1,memory,2
69.6,1.89,2,3,1,attention,3
95.7,1.56,0,2,3,memory,3
80.2,2.68,1,1,-1,routine,1
80.0,2.12,2,1,-2,pattern,1
100.0,1.77,1,2,-3,pattern,2
77.1,4.18,2,4,0,memory,3
90.4,3.33,1,4,1,pattern,4
72.7,1.71,2,1,1,attention,1
87.0,1.04,0,1,0,attention,2
100.0,1.4,0,1,1,attention,2
100.0,1.52,0,1,-3,routine,2
94.2,2.99,0,2,0,memory,3
63.4,3.56,3,5,-3,routine,4
73.4,2.7,3,4,-3,memory,3
75.2,2.0,2,2,3,routine,2
66.5,2.43,5,5,-1,routine,4
94.9,2.76,1,3,1,routine,3
86.8,2.46,3,2,3,memory,2
66.5,3.2,6,5,0,routine,4
62.8,3.24,6,5,-2,routine,4
73.1,3.24,1,4,3,pattern,4
66.0,3.26,1,4,-2,routine,3
74.3,2.54,0,4,2,routine,4
94.6,1.78,1,1,-3,routine,1
75.2,2.81,3,3,-3,attention,2
52.2,2.46,3,3,3,pattern,3
63.6,2.49,5,3,-1,pattern,2
63.0,1.92,3,3,-3,routine,2
70.8,3.2,0,4,2,memory,4
93.6,2.73,1,4,2,attention,5
71.0,2.24,0,3,3,memory,3
90.0,2.67,1,1,-1,pattern,1
94.1,3.21,0,4,3,pattern,4
65.5,2.79,5,5,3,attention,5
95.8,1.72,0,2,-1,pattern,3
80.4,3.4,1,5,1,pattern,5
70.6,3.47,0,3,-1,memory,3
79.1,3.11,4,4,0,attention,4
59.1,4.13,1,5,0,routine,4
65.5,2.79,1,4,-2,attention,4
74.6,3.27,2,3,2,memory,3
100.0,1.86,0,2,3,pattern,3
59.7,3.04,4,4,1,attention,3
75.7,3.22,1,3,-1,pattern,3
93.6,1.8,0,2,2,attention,3
62.0,3.0,4,4,2,memory,3
67.5,4.49,2,4,-3,memory,3
66.2,3.0,3,4,1,pattern,4
88.3,2.88,1,2,2,memory,2
89.2,0.92,1,1,-2,memory,2
84.4,2.34,3,3,3,attention,3
67.0,2.65,3,4,-1,routine,3
57.5,2.43,4,3,-2,memory,2
83.1,1.98,1,3,-2,attention,3
100.0,2.58,0,2,2,pattern,3
64.8,2.47,3,3,3,pattern,3
64.6,2.62,3,5,1,routine,4
78.4,2.9,2,4,-2,routine,4
82.6,1.94,0,3,-2,memory,3
68.1,3.65,1,5,1,attention,5
93.8,2.51,0,3,-3,pattern,3
80.8,3.77,0,4,2,pattern,4
92.0,2.61,1,2,-3,pattern,2
86.5,1.15,0,1,-1,memory,2
99.4,1.77,0,1,-3,memory,2
100.0,1.71,0,1,2,memory,2
51.2,3.59,4,5,-1,attention,4
65.1,2.64,1,5,2,routine,5
96.2,1.46,0,1,1,routine,2
87.7,3.75,1,4,-2,pattern,4
79.6,3.52,1,4,2,memory,4
69.0,3.35,3,3,-1,routine,2
68.5,3.42,3,4,0,pattern,3
100.0,2.13,0,2,1,memory,3
53.4,2.52,8,4,1,memory,3
93.0,2.07,0,2,0,memory,3
66.7,2.06,4,3,3,pattern,3
94.4,2.45,0,4,2,attention,5
56.4,2.23,3,4,3,pattern,4
95.3,2.09,0,2,-1,pattern,2
65.3,2.79,3,2,0,routine,1
96.8,2.68,0,2,-2,pattern,2
87.6,0.91,3,2,-1,memory,3
57.9,2.77,6,4,1,routine,3
64.8,3.7,2,4,-1,attention,3
61.9,1.5,4,1,0,memory,1
81.7,2.76,2,4,1,pattern,4
74.2,3.46,4,5,1,routine,4
91.5,2.3,2,2,3,attention,2
53.9,3.57,5,4,-2,memory,3
72.4,3.15,0,4,1,pattern,4
71.2,2.86,3,5,1,memory,5
100.0,2.11,0,2,-3,routine,2
66.9,3.98,3,5,3,memory,4
74.0,2.68,1,4,3,routine,4
54.5,2.88,7,5,-1,pattern,4
68.0,3.76,3,5,-2,attention,4
48.1,2.5,3,3,2,pattern,2
64.9,2.08,0,3,-1,routine,3
62.5,3.1,5,5,-3,routine,4
41.5,3.85,4,5,3,pattern,4
69.5,2.46,2,2,0,memory,2
78.6,3.64,3,3,0,routine,3
90.2,2.89,2,4,3,pattern,4
72.3,4.25,6,5,-3,memory,4
78.9,3.73,0,5,-1,attention,5
100.0,2.41,0,1,3,pattern,2
72.0,3.26,2,5,0,routine,4
81.4,2.88,2,5,3,routine,5
93.2,2.85,1,4,1,pattern,4
77.3,2.1,2,3,2,attention,3
90.1,2.83,0,2,1,attention,3
82.8,0.68,2,1,0,memory,2
50.0,2.97,3,5,1,attention,4
92.0,1.75,0,1,-3,pattern,2
81.5,1.77,2,1,0,memory,1
48.2,3.29,7,4,-1,memory,3
100.0,3.02,0,3,2,attention,4
83.4,3.61,0,4,3,pattern,4
63.5,3.23,1,5,-1,routine,4
89.8,3.51,0,4,-3,pattern,4
91.9,2.76,0,3,-1,routine,3
84.9,3.94,0,3,-1,pattern,3
97.9,2.54,0,1,-3,routine,2
98.2,0.6,0,1,3,attention,2
73.8,1.04,1,1,3,attention,2
100.0,1.59,0,1,2,routine,2
72.0,2.43,1,2,-3,memory,2
100.0,2.16,1,1,0,memory,2
100.0,2.3,0,1,-3,attention,2
58.6,2.0,3,4,1,memory,4
70.5,2.29,4,5,-3,routine,4
82.3,3.37,0,4,-3,pattern,4
47.5,3.44,3,5,0,attention,4
85.7,1.91,1,2,3,pattern,3
100.0,1.66,0,1,0,pattern,2
40.1,1.7,3,3,0,memory,2
74.4,4.31,3,5,1,routine,4
95.9,2.21,0,3,-2,pattern,4
77.4,2.44,1,2,-1,pattern,2
77.2,1.74,2,1,-3,memory,1
100.0,2.31,0,1,1,pattern,2
57.5,2.59,4,3,-1,routine,2
97.4,2.13,0,2,-1,memory,3
77.2,2.52,3,4,3,attention,4
59.8,3.5,3,5,3,pattern,4
100.0,1.0,0,1,2,memory,2
76.3,2.75,4,5,-2,attention,4
83.2,2.88,1,2,-3,routine,2
67.9,3.83,6,5,-2,pattern,4
67.6,3.1,2,5,0,attention,5
69.3,2.66,4,4,1,attention,3
62.9,2.52,6,4,-3,pattern,3
85.6,2.64,1,1,-3,memory,1
76.5,3.0,0,4,-1,memory,4
100.0,1.59,1,1,2,pattern,2
70.0,3.54,2,5,-2,routine,4
100.0,1.19,0,1,2,attention,2
56.1,4.85,3,5,3,routine,4
100.0,1.31,1,1,-3,pattern,2
100.0,2.21,0,2,-1,memory,3
67.9,3.14,2,4,-2,memory,3
68.4,2.38,4,3,3,routine,3
55.4,3.4,5,5,-2,memory,4
65.2,2.64,4,3,-1,memory,2
80.6,1.82,1,3,1,memory,3
96.2,1.46,0,3,2,routine,4
81.7,1.21,1,2,-2,routine,2
87.5,1.5,1,2,1,pattern,3
56.2,3.36,7,5,2,pattern,4
49.6,3.46,5,4,-3,memory,3
66.6,2.1,2,1,0,pattern,1
84.0,2.29,1,3,1,attention,3
85.6,3.32,3,4,2,memory,4
76.0,4.4,2,5,1,pattern,5
71.4,3.58,1,3,1,pattern,3
68.8,2.42,5,5,3,attention,4
72.9,2.46,3,3,-2,routine,3
79.0,2.32,0,2,-1,attention,2
49.6,4.35,6,5,3,memory,4
85.6,2.4,1,4,-2,routine,4
83.2,3.05,1,2,3,routine,2
73.1,4.38,2,5,2,pattern,4
86.9,1.16,0,1,-1,pattern,2
54.9,3.61,4,5,-3,pattern,4
85.0,3.3,2,4,2,pattern,4
89.9,2.53,0,1,2,routine,2
64.6,2.4,2,4,-1,routine,3
94.1,1.42,1,1,-1,attention,2
76.5,3.17,1,5,1,attention,5
71.8,1.57,1,2,-3,attention,2
80.6,2.4,2,4,3,memory,4
82.8,2.8,5,3,-3,memory,2
68.6,2.03,4,2,-3,memory,1
100.0,1.68,0,2,-3,memory,3
54.6,3.4,2,4,-2,pattern,3
83.8,1.62,3,1,-2,routine,1
81.4,4.06,0,4,-3,memory,3
66.0,3.18,4,4,-2,routine,3
77.9,3.0,1,3,0,attention,3
82.8,2.7,0,4,2,routine,4
60.1,3.79,5,5,2,attention,4
83.9,2.2,2,2,3,pattern,2
82.8,3.05,0,3,3,pattern,3
77.0,2.6,4,2,-2,pattern,1
64.8,3.52,4,4,-3,routine,3
81.7,3.36,0,3,-3,routine,3
88.8,0.87,0,1,0,pattern,2
80.8,3.76,0,4,2,attention,4
99.9,1.55,0,1,2,routine,2
89.1,2.51,1,2,2,attention,2
88.8,3.03,1,4,-1,routine,4
85.3,3.39,0,4,2,memory,4
85.6,2.48,5,2,-3,attention,1
87.4,4.37,2,4,3,attention,4
100.0,2.47,0,2,0,routine,3
90.6,2.28,0,4,-3,routine,4
95.8,1.09,0,1,-1,memory,2
60.3,2.71,7,5,-3,pattern,4
83.9,3.48,0,3,-2,routine,3
79.5,1.4,0,3,-2,pattern,3
90.1,1.81,1,1,2,memory,2
100.0,1.72,0,1,1,memory,2
56.0,3.13,2,4,-2,routine,3
82.8,2.23,3,2,-1,pattern,2
53.1,3.58,2,5,-2,attention,4
100.0,0.6,0,1,2,memory,2
96.7,2.0,0,1,3,attention,2
100.0,3.76,0,4,-1,pattern,4
74.0,3.34,1,4,-1,attention,4
97.1,2.12,0,1,3,pattern,2
87.2,2.23,1,2,1,routine,2
93.4,1.88,0,2,2,pattern,3
81.9,0.69,1,2,0,routine,3
87.2,1.03,0,1,-1,attention,2
44.7,3.32,7,4,-3,memory,3
85.2,1.18,2,1,-3,attention,1
70.4,2.91,0,4,-1,routine,4
91.8,1.99,0,2,2,routine,3
88.5,2.1,0,2,3,pattern,3
48.9,3.47,9,5,-1,memory,4
84.9,3.0,0,3,0,memory,3
67.9,1.34,4,3,2,memory,3
100.0,1.49,0,1,0,memory,2
69.1,1.25,1,2,1,routine,2
67.8,3.59,3,5,0,routine,4
100.0,2.65,0,2,2,routine,3
67.1,2.47,1,3,1,routine,3
100.0,1.64,0,1,-2,attention,2
48.6,4.74,4,5,-3,memory,4
100.0,1.79,0,2,-2,attention,3
66.7,1.94,6,1,1,memory,1
76.6,2.51,4,4,1,memory,4
85.5,1.82,1,2,1,attention,2
81.2,0.6,2,1,-2,routine,1
65.9,3.49,4,4,-1,pattern,3
61.3,3.47,5,5,-3,pattern,4
78.9,2.31,2,3,-3,routine,3
77.5,2.15,2,2,2,attention,2
100.0,0.75,0,2,2,attention,3
73.4,2.03,1,3,0,memory,3
70.4,2.05,3,2,2,memory,2
100.0,1.02,1,1,-2,routine,2
61.1,2.24,2,5,0,attention,4
97.3,1.69,0,1,1,pattern,2
66.3,3.79,3,5,-3,attention,4
64.6,3.36,1,5,0,attention,4
51.1,4.26,7,5,1,memory,4
65.7,1.17,2,3,1,attention,3
88.7,1.62,2,3,-3,pattern,3
65.1,4.04,2,5,1,routine,4
59.1,3.55,5,5,1,pattern,4
75.9,1.36,1,2,1,pattern,3
67.4,4.06,2,5,-2,attention,4
78.6,1.78,1,3,3,memory,3
70.8,4.08,1,4,0,attention,3
94.2,2.14,0,1,2,pattern,2
71.6,3.89,2,3,0,routine,2
94.2,0.97,0,1,3,memory,2
89.5,2.36,1,3,2,attention,3
100.0,2.87,0,3,2,routine,4
59.8,3.46,1,5,-1,routine,4
79.2,0.6,1,1,2,routine,2
81.7,2.69,4,4,-3,memory,3
78.3,3.4,2,4,3,attention,4
67.3,4.8,2,5,-1,routine,4
76.2,2.07,2,3,1,routine,3
74.2,1.41,2,3,1,attention,3
72.8,3.15,1,3,-3,attention,3
80.9,2.22,2,2,2,pattern,2
68.3,3.03,5,5,1,routine,4
64.0,3.51,4,2,-1,routine,1
78.3,1.83,3,3,-3,attention,3
89.1,2.74,0,2,2,routine,3
68.4,3.18,3,4,0,attention,3
87.8,1.78,1,3,2,memory,4
70.4,3.25,3,4,2,attention,3
83.4,2.76,1,3,-3,routine,3
82.6,2.03,1,3,3,routine,3
99.2,2.23,0,2,1,pattern,3
66.1,2.58,2,3,-1,attention,3
50.9,4.09,9,5,-3,pattern,4
85.0,1.46,1,2,1,memory,3
78.4,2.82,2,4,3,attention,4
57.8,3.65,3,5,2,memory,4
86.3,3.7,0,5,3,attention,5
57.9,3.1,4,2,2,routine,1
79.9,2.04,0,1,1,attention,1
84.3,3.68,1,3,-2,memory,2
58.3,2.58,1,3,-1,memory,2
89.0,2.28,0,2,-2,routine,2
93.9,2.29,0,2,-1,memory,2
79.7,2.75,2,1,2,pattern,1
100.0,0.6,0,1,-3,attention,2
55.2,2.88,4,2,-3,memory,1
91.1,1.71,0,1,-3,pattern,2
65.0,3.26,6,5,-3,attention,4
65.5,1.33,3,3,1,attention,3
70.3,2.7,2,3,0,routine,2
69.4,2.23,2,4,1,pattern,4
100.0,1.49,1,1,3,memory,2
64.9,2.63,0,5,2,pattern,5
54.6,3.58,8,5,2,pattern,4
77.6,2.94,2,4,-2,routine,3
73.2,2.15,2,3,1,memory,3
97.7,2.73,0,2,1,memory,3
92.7,2.34,1,2,-2,routine,2
86.2,3.02,2,2,1,memory,2
90.9,1.83,1,2,-2,memory,2
79.7,2.92,2,3,0,memory,3
71.5,3.59,3,4,-1,memory,3
73.9,2.95,4,3,1,attention,3
51.3,3.68,3,5,-3,memory,4
90.0,1.02,0,1,3,pattern,2
61.5,3.68,2,4,-1,attention,3
62.0,2.55,3,3,2,pattern,3
91.1,1.72,0,2,-3,memory,3
91.7,2.14,0,1,1,routine,2
49.0,3.67,2,4,-2,pattern,3
67.5,3.8,2,4,-2,attention,3
59.4,4.66,3,5,-3,pattern,4
76.0,1.8,2,4,-2,pattern,4
99.5,2.01,0,2,3,pattern,3
78.2,2.21,1,4,1,memory,4
89.1,2.25,1,2,3,memory,3
75.2,3.33,2,3,-2,pattern,2
80.7,0.95,3,4,0,memory,4
95.7,2.59,0,2,0,routine,3
75.9,2.58,1,3,-2,pattern,3
92.2,1.06,1,2,-2,memory,3
100.0,1.69,0,2,1,attention,3
63.8,1.79,3,3,-1,routine,3
73.4,3.16,2,5,-2,memory,4
49.7,3.23,5,4,3,pattern,3
40.2,4.61,8,5,1,routine,4
80.3,0.66,1,2,1,memory,3
81.9,3.83,2,4,3,memory,4
85.1,2.77,4,4,0,memory,4
60.6,3.32,2,3,2,routine,2
99.4,3.1,0,2,2,routine,3
90.9,1.74,0,2,3,routine,3
71.5,2.9,3,3,-1,memory,2
90.8,1.51,0,2,-1,pattern,2
63.1,3.16,1,4,1,routine,4
64.7,2.05,5,3,-3,pattern,2
87.1,3.32,2,3,-1,memory,3
91.8,2.07,0,2,1,memory,3
76.6,2.6,2,4,3,pattern,4
82.2,2.24,1,3,3,routine,3
80.1,1.58,3,3,0,routine,3
84.2,2.52,1,4,-3,routine,4
70.0,2.24,5,2,0,pattern,1
82.1,3.64,0,5,-3,attention,5
84.9,2.38,0,3,2,attention,4
72.4,2.64,0,4,3,memory,4
78.2,2.63,3,2,2,pattern,2
81.7,2.83,1,3,1,pattern,3
83.1,3.11,2,3,1,attention,3
98.3,2.68,0,2,-2,pattern,2
68.9,3.07,3,4,-2,attention,3
100.0,2.2,0,2,2,attention,3
71.1,2.72,1,4,0,attention,4
89.2,2.05,1,1,1,pattern,2
94.7,2.32,0,2,3,routine,3
90.3,1.62,1,1,-3,memory,2
100.0,2.44,0,2,3,routine,3
100.0,1.82,1,1,-2,attention,1
63.8,2.87,2,3,-1,routine,2
76.5,3.06,2,5,2,routine,5
86.8,3.5,0,4,3,memory,4
79.5,2.1,4,1,2,attention,1
56.0,3.53,2,3,3,attention,2
90.8,2.57,1,2,3,pattern,3
70.0,2.72,4,4,3,routine,4
88.4,1.75,2,1,0,memory,1
74.6,4.08,4,5,1,memory,4
83.4,0.98,1,1,0,routine,2
93.8,1.3,0,1,-2,memory,2
65.7,3.16,2,5,-3,pattern,4
83.0,2.26,2,2,-3,attention,2
61.4,3.19,3,5,0,pattern,4
93.3,2.41,0,1,2,pattern,2
87.0,2.95,0,2,2,pattern,2
92.8,1.01,1,1,-2,pattern,2
80.6,3.94,2,5,-3,pattern,4
75.7,3.13,1,5,1,memory,5
100.0,2.87,0,2,2,attention,3
78.0,2.23,1,3,3,memory,3
67.6,1.6,4,3,-2,pattern,3
66.8,2.34,2,2,0,memory,2
81.5,1.42,2,1,3,memory,2
75.7,1.6,2,2,-1,routine,2
71.6,4.02,2,4,-2,memory,3
94.4,1.87,0,2,-3,memory,2
75.5,2.91,4,3,3,pattern,3
96.2,1.64,1,1,1,pattern,2
79.6,3.61,3,3,3,routine,2
77.8,2.45,5,1,2,memory,1
97.5,3.12,0,3,2,routine,4
82.3,0.72,1,1,-1,attention,2
87.2,2.74,0,1,-1,pattern,1
78.0,1.12,0,2,-1,routine,2
86.4,1.81,0,2,-2,attention,3
78.8,1.18,0,2,-1,attention,3
77.6,2.98,3,3,3,pattern,3
66.1,2.83,5,4,-1,memory,3
88.6,3.25,0,4,-1,pattern,4
85.2,2.48,0,3,0,routine,3
54.9,4.51,3,5,-3,attention,4
81.7,2.12,0,2,0,pattern,2
98.6,3.03,0,2,-1,memory,3
88.2,1.28,1,1,-3,memory,1
84.4,3.19,1,4,2,attention,4
94.9,1.09,0,1,-2,memory,2
80.6,2.65,3,2,0,routine,2
89.2,2.22,0,2,-3,routine,2
69.6,2.18,2,3,1,attention,3
86.5,2.32,0,1,0,pattern,1
72.9,4.26,1,5,-1,routine,4
61.7,3.88,4,4,3,routine,3
88.9,1.78,1,2,1,attention,3
84.0,2.37,1,2,-3,pattern,2
80.0,2.53,2,4,2,pattern,4
74.3,3.59,1,4,1,memory,3
61.8,3.83,3,5,-3,memory,4
50.1,3.58,5,5,3,attention,4
71.3,2.78,0,4,1,memory,4
68.2,2.1,3,4,-3,attention,3
65.3,2.12,2,3,2,routine,3
60.4,1.44,2,3,-3,pattern,3
77.7,1.53,2,3,3,memory,3
80.4,3.03,1,3,3,memory,3
85.5,2.36,0,2,0,attention,2
62.6,3.16,4,5,-1,attention,4
87.3,3.06,0,4,0,attention,4
100.0,0.63,1,1,-1,memory,2
92.3,1.32,1,1,0,routine,2
73.8,3.41,1,4,-2,routine,3
65.4,4.14,4,5,-3,routine,4
75.2,2.38,1,5,3,attention,5
47.2,3.74,6,5,1,attention,4
72.5,2.36,1,2,3,memory,2
75.4,1.88,2,3,2,attention,3
66.0,3.64,2,4,3,attention,3
88.8,1.49,2,1,-3,pattern,1
95.5,1.92,0,1,-2,pattern,2
77.2,3.39,0,5,-2,memory,5
98.0,2.63,0,2,2,pattern,3
53.1,3.48,1,5,2,memory,5
69.7,3.28,2,4,-3,attention,3
82.9,2.33,3,4,-2,pattern,4
73.0,4.96,2,5,2,routine,4
69.9,1.89,3,3,3,routine,3
58.1,3.0,1,3,3,pattern,3
94.8,0.86,1,1,2,pattern,2
67.0,2.85,4,3,-1,pattern,2
65.6,2.77,4,4,-2,memory,3
66.1,3.91,1,5,0,pattern,4
67.5,3.59,3,5,2,attention,4
92.9,1.15,0,2,-2,memory,3
64.5,2.66,5,4,-2,memory,3
78.5,4.14,3,4,-2,memory,3
84.6,1.93,0,2,2,memory,3
88.9,3.69,1,5,3,attention,5
96.0,1.32,0,2,-1,routine,3
68.7,1.52,1,1,-1,routine,1
79.1,1.33,1,2,3,memory,3
77.7,2.61,5,4,1,attention,4
100.0,1.7,1,1,0,attention,2
100.0,1.68,0,1,1,attention,2
40.9,3.46,3,5,3,pattern,4
79.7,1.97,0,2,-2,routine,2
73.5,0.8,0,2,-1,attention,3
90.2,2.17,0,2,1,pattern,3
89.7,0.82,0,1,-2,routine,2
71.2,2.66,4,3,2,memory,3
81.3,1.34,2,2,2,pattern,3
74.5,3.79,1,5,-3,attention,4
77.8,3.92,2,4,2,pattern,4
96.1,2.62,0,2,2,routine,3
51.9,2.84,5,5,-2,routine,4
62.1,4.17,3,5,1,routine,4
64.3,1.76,1,3,0,pattern,3
97.2,2.75,0,1,2,routine,2
100.0,1.82,0,2,-2,routine,3
83.0,2.2,2,1,2,pattern,1
58.2,2.92,7,5,-3,pattern,4
99.0,3.1,0,3,-2,memory,3
97.8,1.44,0,1,0,routine,2
67.2,2.6,3,3,3,pattern,3
84.1,2.28,1,3,-1,attention,3
80.7,2.59,1,3,-3,pattern,3
69.2,3.5,2,5,1,pattern,4
97.8,2.37,0,3,-2,attention,4
81.7,1.82,4,2,-2,pattern,2
91.4,1.53,1,1,3,memory,2
49.9,2.86,7,5,-2,attention,4
93.8,1.66,0,1,2,attention,2
100.0,0.6,0,1,1,routine,2
83.3,0.64,2,1,3,attention,2
54.7,3.12,1,5,0,routine,4
58.4,3.19,4,5,0,memory,4
67.2,4.07,6,5,3,memory,4
84.7,3.07,0,2,-3,pattern,2
100.0,2.1,0,2,1,attention,3
41.8,3.35,7,5,3,attention,4
83.7,2.38,4,2,3,routine,2
85.9,2.45,0,2,1,memory,3
61.3,3.69,3,5,-1,memory,4
84.6,2.22,1,2,-3,attention,2
94.3,2.44,0,3,1,pattern,4
96.9,1.88,0,3,3,attention,4
61.1,1.73,2,3,-3,pattern,2
86.9,0.93,0,1,0,memory,2
84.1,2.37,0,2,2,pattern,2
98.5,1.51,0,2,3,memory,3
87.4,3.38,1,4,0,memory,4
57.4,4.35,5,5,2,memory,4
85.9,2.41,1,2,3,pattern,3
80.8,3.11,2,4,2,routine,4
46.1,2.93,3,4,-3,routine,3
72.3,4.26,3,4,2,attention,3
80.1,3.15,2,4,1,pattern,4
73.9,2.97,1,4,-3,attention,4
96.0,1.71,0,3,0,routine,4
68.5,1.36,1,2,-3,attention,2
94.3,0.6,0,1,2,pattern,2
68.0,2.67,2,5,2,attention,5
77.2,1.55,2,2,3,routine,3
89.9,2.76,0,3,-1,memory,3
60.8,3.81,0,4,-1,pattern,3
85.9,1.14,0,2,2,pattern,3
70.4,2.19,3,4,0,pattern,4
73.4,3.37,3,5,0,routine,5
99.1,2.89,0,4,3,pattern,5
71.1,4.0,0,5,0,attention,5
82.5,1.83,1,2,1,routine,2
97.4,2.11,0,3,0,pattern,4
89.8,1.04,1,2,2,pattern,3
75.3,2.26,5,2,3,memory,2
82.7,3.68,1,4,-1,pattern,3
88.5,2.78,2,3,2,pattern,3
75.6,3.28,2,5,2,attention,5
98.6,0.96,0,1,-1,memory,2
89.1,1.78,0,2,1,pattern,3
56.7,3.83,3,4,3,memory,3
86.9,1.69,2,2,-2,pattern,2
100.0,2.77,1,2,0,attention,2
87.4,2.45,0,2,2,pattern,3
78.8,3.27,3,3,3,memory,3
79.4,3.19,0,4,-3,attention,4
92.6,1.53,1,2,-2,memory,3
66.5,3.21,2,4,1,memory,3
66.0,2.32,3,4,-3,routine,3
85.1,3.3,0,4,3,routine,4
77.1,2.73,3,4,2,attention,4
72.8,1.47,0,1,0,attention,1
82.9,3.52,0,4,1,attention,4
75.7,1.1,1,2,0,memory,2
98.1,2.5,0,2,0,attention,3
56.6,4.7,5,5,1,attention,4
77.1,2.7,1,4,0,pattern,4
92.6,2.49,2,4,-2,memory,4
88.0,2.0,2,2,0,memory,2
72.9,2.21,4,3,-1,attention,3
62.9,3.93,1,4,1,routine,3
100.0,0.9,0,1,0,routine,2
92.3,3.46,0,3,0,routine,3
91.9,0.68,1,1,-2,attention,2
75.1,3.07,0,3,0,attention,3
98.7,1.81,0,3,1,memory,4
84.0,1.47,3,2,3,memory,2
84.3,1.35,0,1,-3,attention,2
72.3,2.13,5,4,-1,attention,3
56.2,2.71,1,5,2,pattern,5
95.7,1.41,1,1,-1,attention,2
93.9,2.11,0,1,-2,routine,2
73.9,4.26,3,5,-3,memory,4
39.0,2.99,4,4,-3,routine,3
70.1,1.97,4,4,3,attention,4
54.4,3.02,4,4,3,pattern,3
70.5,2.43,1,3,-1,pattern,3
76.0,3.45,1,4,2,attention,4
96.0,2.64,0,2,-2,pattern,2
76.6,2.55,2,2,1,attention,2
71.6,1.74,3,2,-2,pattern,2
70.1,2.04,1,3,3,pattern,3
83.7,1.34,0,3,-2,pattern,4
90.9,1.29,0,1,-3,routine,1
87.5,2.97,0,4,-1,pattern,4
48.2,3.7,3,5,-1,routine,4
73.5,2.0,0,4,0,routine,4
82.3,1.75,0,3,-1,memory,3
78.5,1.81,1,4,-2,pattern,4
80.3,2.53,0,3,2,routine,3
96.3,1.7,1,2,1,memory,3
100.0,1.46,1,1,-3,pattern,2
90.0,2.07,0,1,-2,attention,1
71.6,2.59,3,3,1,routine,3
89.3,4.18,2,4,2,memory,4
65.8,2.56,3,3,-3,pattern,2
91.1,2.75,0,2,-1,memory,2
100.0,1.24,0,1,1,memory,2
90.3,2.93,1,4,0,routine,4
78.1,1.78,5,1,-3,attention,1
86.8,1.48,0,2,2,routine,3
100.0,1.18,0,1,2,attention,2
67.0,1.83,2,2,3,attention,2
79.0,2.89,1,4,-2,pattern,4
64.6,2.25,2,3,-3,pattern,2
86.2,1.15,1,2,-3,routine,2
72.0,3.68,2,4,3,attention,4
73.2,2.55,1,3,2,pattern,3
46.0,4.35,4,5,-3,pattern,4
76.0,1.08,2,1,-2,pattern,1
100.0,2.42,0,2,1,routine,3
59.1,2.94,2,4,-1,pattern,3
68.8,2.15,2,3,-2,routine,3
87.2,1.83,0,2,3,attention,3
97.6,0.96,1,1,0,pattern,2
94.3,1.18,0,1,2,attention,2
99.5,2.48,0,2,1,memory,3
100.0,1.09,0,1,-2,routine,2
93.4,2.55,0,2,2,pattern,3
65.4,2.29,2,4,3,memory,4
72.5,3.96,0,3,-2,attention,2
53.7,2.65,3,5,2,memory,4
76.5,2.69,4,3,1,memory,3
88.8,2.2,0,2,0,pattern,3
75.9,2.88,3,5,-1,pattern,4
67.7,2.8,5,3,-3,attention,2
100.0,1.37,0,1,3,memory,2
72.4,3.38,3,4,-2,attention,3
68.1,1.56,3,1,-2,memory,1
63.9,3.01,5,5,2,routine,4
88.8,2.73,1,3,-1,memory,3
82.7,0.6,0,1,-2,pattern,2
65.0,2.24,3,3,-3,attention,2
85.4,3.61,1,3,-3,attention,3
68.2,2.05,2,4,3,memory,4
91.5,3.01,0,5,3,routine,5
70.4,2.72,3,4,0,memory,4
84.0,1.27,1,2,-1,pattern,3
84.3,0.84,0,1,3,memory,2
85.5,3.95,1,5,-3,memory,4
75.3,4.16,6,4,3,memory,3
84.1,2.81,3,4,-1,pattern,4
65.8,2.82,2,4,2,routine,4
84.5,3.15,4,4,-2,routine,3
76.6,0.6,1,2,-3,pattern,2
63.0,3.94,3,5,3,routine,4
74.8,1.19,3,1,1,routine,1
66.5,2.22,3,3,1,attention,3
90.0,1.39,2,2,1,memory,3
70.6,1.93,2,2,-1,routine,2
71.8,2.14,4,4,-1,memory,4
54.6,2.11,4,4,-1,memory,3
76.1,2.35,0,4,-2,routine,4
54.8,3.63,1,5,1,memory,4
68.5,3.52,3,5,0,routine,4
100.0,1.78,0,1,2,routine,2
66.9,3.27,6,4,-3,pattern,3
84.3,2.21,1,3,1,memory,4
76.8,3.03,3,3,0,memory,3
99.9,2.67,0,5,-2,pattern,5
88.8,1.65,1,1,-3,attention,1
77.4,1.16,3,2,-1,pattern,2
63.3,3.04,0,5,3,routine,5
42.7,4.72,2,5,-3,pattern,4
99.2,1.08,0,1,-1,memory,2
94.6,2.37,0,2,-1,routine,3
52.3,2.68,3,3,1,memory,2
100.0,1.97,1,1,2,memory,2
100.0,2.85,0,3,1,attention,4
99.2,1.57,0,3,2,pattern,4
100.0,1.84,1,2,-2,memory,3
84.5,0.79,1,1,0,attention,2
87.6,1.56,1,2,2,pattern,3
50.6,2.62,9,4,3,routine,3
57.6,2.48,5,4,-3,routine,3
79.5,3.64,2,5,-2,routine,4
97.3,2.42,0,1,-1,memory,1
70.3,2.83,4,4,2,attention,3
65.5,1.76,2,3,1,routine,3
72.3,2.2,4,2,-1,attention,1
62.3,3.08,4,4,-3,routine,3
41.3,3.86,8,5,-1,attention,4
76.4,3.6,2,5,-2,pattern,4
68.6,3.45,2,4,0,attention,3
69.9,3.47,3,4,1,attention,3
100.0,1.22,0,1,1,attention,2
82.4,0.63,1,2,0,routine,3
47.1,2.55,3,5,-3,routine,4
100.0,2.86,0,4,-2,routine,4
31.3,3.32,3,5,-1,pattern,4
77.3,2.97,0,4,-1,pattern,4
91.1,3.08,1,4,-3,memory,4
49.4,3.73,5,5,2,routine,4
77.1,2.15,0,3,3,routine,4
81.3,2.03,1,1,1,routine,1
35.1,3.27,4,5,-1,pattern,4
99.4,1.02,0,1,-1,attention,2
68.4,2.13,2,4,3,routine,4
70.1,1.86,6,3,3,attention,3
80.9,1.73,1,2,-1,attention,2
93.6,2.16,0,2,2,routine,3
52.5,3.02,4,5,2,routine,4
84.7,2.7,1,2,-1,attention,2
86.8,1.03,1,1,-3,memory,1
50.0,4.23,4,4,2,attention,3
100.0,1.61,0,1,3,attention,2
53.3,3.08,5,5,-3,routine,4
38.1,5.39,5,5,1,attention,4
78.4,3.53,2,4,-2,pattern,3
100.0,2.27,0,2,-3,pattern,2
72.7,2.0,3,3,1,pattern,3
68.5,3.99,1,5,-2,pattern,4
95.1,2.87,0,2,-3,memory,2
91.5,2.24,0,2,3,memory,3
63.9,2.61,3,3,-2,attention,2
58.4,4.14,6,5,0,memory,4
100.0,0.6,1,1,3,attention,2
64.5,1.85,3,4,-1,routine,4
80.2,4.67,1,4,-3,routine,3
100.0,2.16,0,2,0,attention,3
77.9,2.09,1,2,-1,memory,2
84.2,2.92,0,3,0,pattern,3
87.0,0.6,5,1,-1,routine,1
90.1,1.63,2,2,-3,memory,2
59.6,4.53,1,5,3,pattern,4
76.5,3.28,5,4,-3,attention,3
96.1,2.94,0,3,-1,routine,3
82.0,3.28,0,3,0,routine,3
80.3,1.22,1,4,-1,attention,4
100.0,2.23,0,1,-3,attention,1
58.6,2.82,4,4,-3,routine,3
70.3,3.5,4,5,-2,attention,4
84.4,2.52,1,3,-3,attention,3
77.9,4.65,3,5,2,attention,4
88.7,3.63,0,5,-3,memory,5
84.8,2.69,1,2,-3,pattern,2
74.0,3.12,1,4,1,routine,4
100.0,2.01,0,1,-1,attention,2
49.3,4.07,4,5,1,pattern,4
94.5,1.64,0,1,-3,attention,1
53.6,2.31,5,4,-2,attention,3
45.4,3.84,3,5,1,routine,4
62.8,3.05,6,5,-1,attention,4
76.4,3.74,1,5,-1,pattern,5
86.8,2.26,0,2,-1,pattern,3
93.0,3.0,0,2,-1,memory,2
77.6,2.82,2,1,0,pattern,1
69.8,3.54,6,4,-2,pattern,3
64.6,1.82,9,3,-3,attention,2
97.7,3.43,1,5,2,pattern,5
72.9,3.5,4,5,-3,routine,4
94.9,0.6,0,1,-2,pattern,2
96.9,2.06,0,1,-2,memory,1
59.9,3.49,4,5,2,routine,4
64.4,3.42,5,5,-3,routine,4
68.9,3.05,2,4,3,routine,4
89.7,1.54,2,1,3,attention,2
66.5,3.01,3,4,-2,attention,3
79.4,2.0,3,3,2,attention,3
79.2,2.35,0,3,1,pattern,3
44.6,3.11,2,5,-2,pattern,4
75.4,2.96,1,3,-2,routine,3
57.7,2.9,1,5,-3,memory,4
81.3,1.72,2,1,-1,memory,1
57.5,3.93,3,4,-1,memory,3
69.5,2.68,2,3,3,pattern,3
97.5,2.09,0,3,-3,attention,3
65.5,2.77,4,4,0,routine,3
100.0,1.9,0,1,-3,pattern,2
61.0,1.9,1,3,-1,pattern,3
83.5,1.95,1,3,-3,routine,3
62.3,3.54,5,4,-1,routine,3
86.9,2.57,1,3,1,pattern,3
66.3,1.84,2,1,-3,routine,1
100.0,2.13,0,2,-2,pattern,3
67.2,3.71,2,4,0,pattern,3
66.6,3.63,1,3,0,attention,2
100.0,2.21,0,1,0,memory,2
75.5,4.01,4,3,1,routine,2
71.0,2.81,1,5,3,memory,5
75.0,3.21,4,4,3,attention,3
65.8,3.44,6,5,2,memory,4
81.3,2.01,4,1,1,memory,1
75.9,3.53,3,4,2,memory,4
59.9,3.34,5,4,-3,attention,3
70.5,1.55,2,3,-1,routine,3
79.6,3.87,1,5,-3,attention,4
98.7,1.51,0,1,0,routine,2
67.5,4.34,2,5,-2,routine,4
94.0,1.36,1,1,1,attention,2
87.1,2.91,3,3,-3,pattern,3
87.9,2.51,1,1,0,routine,1
63.7,3.26,4,5,1,memory,4
73.2,1.98,3,1,2,attention,1
61.6,3.13,4,4,-1,pattern,3
61.6,0.71,2,3,2,pattern,4
50.1,3.56,4,5,-3,memory,4
89.5,2.38,1,2,-1,routine,2
74.5,1.92,2,3,-3,memory,3
85.5,0.85,0,2,1,routine,3
74.7,2.13,2,5,-3,memory,5
71.2,1.59,1,3,3,pattern,3
57.5,3.92,6,5,0,routine,4
74.3,4.09,3,5,3,routine,4
86.0,2.51,1,3,3,attention,4
57.2,2.42,2,5,0,pattern,4
42.8,3.87,4,5,1,routine,4
93.4,3.13,1,4,-2,memory,4
50.7,4.19,3,5,0,memory,4
93.4,2.35,0,2,-3,routine,2
76.1,1.35,3,2,2,memory,2
71.5,3.37,1,4,1,routine,4
78.6,3.11,1,3,-1,memory,3
90.8,2.58,1,3,2,routine,3
86.4,2.17,1,2,1,memory,3
99.4,1.39,2,1,-3,routine,1
74.8,3.74,1,4,2,pattern,4
71.1,3.7,3,4,0,routine,3
75.5,2.22,1,2,1,memory,2
74.3,2.56,3,4,1,memory,4
79.3,3.9,3,4,1,memory,3
82.1,2.53,4,3,0,routine,3
67.1,2.93,1,2,-3,memory,1
73.8,2.73,0,4,0,routine,4
100.0,1.64,0,1,-3,attention,2
97.1,0.6,0,2,1,pattern,3
77.4,2.66,2,2,0,pattern,2
96.7,2.16,0,3,1,pattern,4
90.4,3.82,0,3,2,memory,3
100.0,2.78,0,3,-2,pattern,3
88.7,1.07,4,1,3,attention,2
64.6,2.02,1,3,-2,attention,3
100.0,1.32,0,1,0,memory,2
69.5,4.09,1,5,1,pattern,4
100.0,1.43,1,2,2,routine,3
100.0,1.26,0,1,-3,routine,2
62.2,2.85,2,3,-2,routine,2
54.6,3.46,4,5,0,routine,4
77.0,2.14,2,2,-2,memory,2
87.0,2.42,1,2,0,pattern,2
83.8,1.7,4,1,2,pattern,1
82.4,2.34,3,3,1,routine,3
100.0,1.72,0,2,2,routine,3
66.7,2.49,4,4,1,attention,4
86.5,1.59,1,1,3,memory,2
61.2,2.83,6,5,-2,routine,4
75.7,1.73,1,2,-3,attention,2
73.7,2.04,1,1,2,attention,1
88.6,2.77,3,4,1,routine,4
78.3,1.86,1,2,-1,attention,2
100.0,0.72,0,1,0,memory,2
76.6,1.9,3,4,-3,attention,4
52.3,4.25,6,5,2,routine,4
100.0,1.87,0,1,-2,attention,2
78.0,1.17,2,2,-1,routine,2
40.5,3.26,4,5,3,memory,4
69.8,2.3,6,2,2,attention,1
100.0,2.29,1,3,2,attention,4
85.2,2.88,0,2,-1,memory,2
100.0,2.06,2,2,0,attention,3
96.0,2.54,1,2,3,attention,3
51.9,3.33,7,5,-1,pattern,4
82.7,1.73,0,2,-3,memory,2
71.5,3.58,2,4,0,pattern,3
70.0,2.94,1,4,2,memory,4
69.5,3.83,3,5,2,memory,4
100.0,2.26,0,1,0,pattern,2
79.8,1.21,0,1,-2,memory,2
71.4,3.61,2,3,3,pattern,3
76.4,2.47,3,2,0,pattern,2
52.8,4.01,8,5,2,pattern,4
74.5,1.33,1,1,2,attention,2
80.7,3.44,3,4,0,pattern,4
55.0,3.42,3,4,0,attention,3
59.3,4.21,4,5,0,memory,4
100.0,0.74,0,1,-3,memory,2
100.0,1.43,0,3,-3,attention,4
73.8,3.5,1,4,-1,memory,4
53.7,2.35,3,5,1,pattern,5
48.4,1.79,7,3,3,pattern,2
100.0,1.32,1,2,2,routine,3
100.0,1.75,1,1,2,pattern,2
92.6,1.55,0,1,-1,pattern,2
100.0,1.16,0,1,0,routine,2
92.3,2.46,0,1,2,pattern,2
89.5,1.54,2,2,-3,attention,2
55.9,4.02,6,4,-2,routine,3
53.4,2.73,4,4,-3,memory,3
93.0,1.21,0,1,-3,attention,2
75.6,2.3,0,3,1,routine,3
93.8,2.48,2,4,3,routine,5
97.3,2.38,1,2,0,pattern,3
95.6,2.56,0,3,3,routine,4
64.6,3.07,1,3,-3,routine,2
86.2,0.82,0,2,0,routine,3
53.2,2.37,2,4,-1,routine,3
80.5,2.08,3,2,-2,attention,2
77.2,2.76,1,3,-3,routine,3
42.8,2.98,5,5,1,attention,4
62.1,2.36,5,3,-2,pattern,2
100.0,2.34,0,2,0,attention,3
61.1,3.01,0,4,-3,attention,3
84.8,1.76,0,3,0,memory,4
69.3,3.65,6,4,0,pattern,3
72.0,3.08,2,2,-1,pattern,1
90.7,2.41,0,5,-3,memory,5
73.2,2.91,2,5,1,memory,5
76.1,3.64,4,3,-2,memory,2
92.4,0.69,0,1,-1,routine,2
81.6,2.61,1,2,3,attention,2
73.0,1.86,3,3,1,attention,3
93.2,2.77,0,3,-3,pattern,3
83.2,2.32,0,2,0,memory,2
54.3,3.52,7,5,-3,pattern,4
100.0,2.1,1,1,-2,routine,1
76.6,3.23,2,3,1,attention,3
71.9,2.32,1,4,-2,routine,4
100.0,2.06,0,2,1,memory,3
56.6,2.13,1,3,3,attention,3
74.6,2.99,3,4,2,routine,4
89.0,2.6,1,1,2,pattern,1
71.5,3.25,3,4,2,pattern,4
77.2,2.12,1,1,3,attention,2
66.2,2.69,4,4,-3,attention,3
38.5,2.45,5,3,-2,attention,2
92.3,3.24,0,4,3,routine,4
89.6,2.46,0,1,-1,pattern,1
100.0,1.35,0,1,2,routine,2
98.3,0.8,0,2,-2,pattern,3
77.0,0.6,2,1,3,pattern,2
57.1,2.71,4,5,-1,pattern,4
87.8,0.93,2,1,2,routine,2
35.2,5.06,4,5,1,memory,4
76.4,3.15,1,4,-2,attention,4
94.1,2.81,1,4,-1,attention,4
86.2,2.05,0,4,3,memory,5
58.9,2.51,3,5,-3,attention,4
84.9,3.06,2,3,-1,attention,3
52.7,2.72,4,4,-1,memory,3
55.4,3.79,4,4,-3,pattern,3
96.4,1.63,0,1,0,attention,2
100.0,1.7,0,1,2,memory,2
76.0,1.36,1,3,-2,memory,3
71.5,2.98,1,4,-2,routine,4
69.7,2.93,6,4,-2,pattern,3
87.7,2.76,1,3,3,attention,3
52.3,3.36,5,4,3,routine,3
78.0,0.6,1,2,1,memory,3
77.3,1.67,2,2,-3,pattern,2
100.0,0.71,0,1,-1,memory,2
100.0,0.99,0,1,2,memory,2
54.2,2.53,4,3,-1,memory,2
77.4,2.47,0,2,2,routine,2
92.9,2.52,2,1,-3,routine,1
57.9,3.49,2,5,0,attention,4
87.5,2.38,2,1,-1,attention,1
77.8,1.56,0,1,2,routine,2
78.6,2.4,2,3,-1,memory,3
84.5,1.81,3,1,0,routine,1
75.6,1.81,1,4,2,memory,5
87.8,1.98,0,2,-1,routine,2
70.2,3.7,1,4,-3,routine,3
100.0,0.96,0,1,-2,attention,2
85.2,1.65,0,3,0,pattern,4
82.8,2.51,3,1,-1,routine,1
54.9,3.64,7,5,1,routine,4
57.2,2.47,4,4,-2,routine,3
74.3,2.19,2,2,-2,memory,2
55.5,2.12,10,3,-2,memory,2
76.1,1.22,2,3,3,routine,4
90.9,2.55,1,3,3,routine,3
99.7,2.4,0,1,2,pattern,2
61.0,2.81,4,4,-1,pattern,3
92.1,2.36,0,3,3,attention,4
67.1,3.01,4,5,1,routine,4
62.3,2.66,3,4,0,pattern,3
94.2,1.4,0,3,2,attention,4
95.3,1.44,0,1,-3,attention,2
86.5,3.03,0,3,0,pattern,3
60.5,4.88,3,5,-1,attention,4
67.8,3.46,4,5,2,routine,4
88.5,2.68,1,4,0,memory,4
69.7,2.81,3,4,2,attention,4
100.0,1.44,0,1,-1,attention,2
70.2,3.42,4,5,-1,memory,4
95.7,2.5,2,1,-2,pattern,1
49.1,3.57,2,5,2,pattern,4
77.0,2.98,1,3,0,routine,3
96.2,1.89,1,2,0,memory,3
55.9,3.36,0,4,-1,memory,3
74.7,3.01,4,5,0,routine,4
88.9,1.37,1,2,1,routine,3
85.9,2.12,0,1,-1,pattern,1
63.3,3.35,2,5,1,pattern,4
83.7,2.97,2,4,3,pattern,4
83.7,2.74,3,2,2,attention,2
73.9,2.62,3,4,1,memory,4
77.2,2.11,0,2,-2,memory,2
66.8,3.48,1,5,-3,attention,4
72.4,4.48,2,4,-1,memory,3
63.3,2.39,7,4,-2,pattern,3
86.2,1.76,0,2,2,pattern,3
59.9,3.56,5,5,-1,memory,4
58.7,2.8,2,3,1,routine,2
67.7,1.95,2,2,0,attention,2
57.4,3.78,3,5,3,attention,4
81.0,1.67,1,1,-2,attention,1
66.4,3.15,5,5,-3,memory,4
63.8,3.08,3,4,1,routine,3
85.4,2.32,2,2,-1,pattern,2
50.9,4.02,2,5,0,memory,4
93.9,1.41,0,1,0,memory,2
57.7,2.71,3,4,-1,attention,3
82.4,1.75,0,3,2,pattern,4
90.9,2.53,0,3,-1,attention,3
53.3,3.11,4,5,-1,attention,4
87.1,2.33,1,2,2,attention,3
91.6,2.93,1,3,-2,memory,3
88.6,2.69,1,2,-2,pattern,2
73.4,2.57,1,2,0,pattern,2
70.1,2.22,1,3,-1,routine,3
73.1,2.91,4,5,2,memory,4
100.0,1.17,0,1,1,pattern,2
84.2,2.13,2,3,-3,pattern,3
75.5,3.35,1,5,3,memory,5
86.9,1.97,4,2,1,memory,2
100.0,0.6,0,1,-3,attention,2
91.5,0.78,0,2,0,attention,3
76.6,0.77,2,1,0,memory,2
97.5,3.17,1,5,-3,pattern,5
84.9,1.28,0,1,-2,attention,2
63.9,2.41,2,4,2,pattern,4
65.1,2.34,1,5,2,routine,5
88.6,2.08,1,2,2,attention,3
88.0,0.94,2,1,3,attention,2
67.5,2.26,1,4,3,routine,4
100.0,2.32,1,2,-2,attention,2
95.4,1.53,1,1,1,attention,2
77.5,2.6,2,4,-1,attention,4
71.4,3.04,3,3,0,pattern,2
97.0,1.82,0,2,1,attention,3
65.4,2.06,4,2,-2,memory,1
58.1,4.45,3,5,-2,memory,4
73.2,1.42,4,2,3,attention,2
80.2,1.93,2,2,1,pattern,2
99.2,1.65,1,2,-3,pattern,2
97.7,2.87,0,2,-2,attention,2
78.6,2.89,0,4,2,pattern,4
66.5,3.47,2,4,1,memory,3
55.0,3.53,2,5,-2,memory,4
100.0,1.95,0,3,1,memory,4
80.2,1.69,0,2,-3,routine,2
91.2,2.73,1,2,-1,routine,2
83.8,2.3,1,3,3,memory,3
75.7,3.82,0,5,1,pattern,5
100.0,1.65,0,1,-1,routine,2
56.0,3.06,3,4,3,pattern,3
62.9,2.36,3,5,2,attention,5
93.0,1.61,0,1,1,attention,2
55.6,3.89,2,5,-2,pattern,4
78.4,3.17,0,4,-1,memory,4
100.0,1.43,2,1,0,memory,2
76.6,1.59,2,1,-1,routine,1
64.0,2.7,1,4,2,attention,4
72.7,2.56,0,2,3,routine,3
61.2,2.87,0,2,1,routine,2
90.0,2.45,1,3,1,memory,4
62.4,3.09,3,5,3,memory,5
79.8,2.44,1,3,-2,memory,3
76.5,3.68,2,5,-2,memory,4
65.4,2.55,8,5,1,routine,4
98.2,2.75,0,1,-1,attention,1
73.3,1.44,4,3,-1,memory,3
83.0,2.18,0,5,0,pattern,5
44.4,2.79,3,5,-3,pattern,4
90.3,3.1,1,3,2,pattern,3
65.3,2.98,1,4,1,pattern,4
77.9,0.88,2,2,3,routine,3
75.3,4.54,2,5,-2,pattern,4
82.4,1.65,3,1,-3,attention,1
65.8,2.64,4,4,-2,memory,3
73.1,1.77,2,2,-1,attention,2
77.0,1.32,2,1,-2,routine,1
58.9,3.77,0,5,1,routine,4
98.0,1.95,1,2,-1,attention,3
100.0,1.91,0,1,1,attention,2
47.7,3.7,5,5,-3,attention,4
89.2,2.03,2,1,1,memory,2
79.0,2.58,2,2,1,attention,2
54.0,4.8,6,5,0,routine,4
60.8,3.68,1,4,3,routine,4
85.9,1.08,1,1,-1,memory,2
47.7,2.64,3,3,-3,pattern,2
96.4,3.08,0,2,0,memory,2
85.7,2.23,0,3,-3,pattern,3
70.6,3.05,3,4,-3,attention,3
72.9,3.74,3,4,0,memory,3
63.9,4.13,2,5,0,memory,4
50.0,2.89,7,5,1,pattern,4
44.5,3.06,4,5,2,routine,4
95.4,2.16,0,3,1,memory,4
90.7,2.81,0,3,-3,attention,3
57.8,2.99,4,4,3,routine,3
83.6,2.76,2,3,-1,attention,3
71.6,1.92,1,4,-3,pattern,4
98.2,1.9,0,1,1,memory,2
81.3,4.31,3,5,-1,memory,4
83.7,2.71,2,3,-3,routine,3
82.8,3.46,1,4,1,memory,4
54.4,2.17,3,4,1,memory,3
76.8,1.6,4,1,0,pattern,1
100.0,1.41,0,1,-3,pattern,2
91.1,1.78,2,2,-1,routine,2
90.1,3.05,1,2,-2,memory,2
33.8,3.1,7,5,1,memory,4
83.3,2.56,0,3,1,pattern,3
100.0,1.96,0,1,-1,routine,2
78.1,1.81,5,3,-2,pattern,3
49.9,2.69,5,2,-1,pattern,1
75.8,2.91,6,4,1,memory,3
50.9,2.74,1,4,3,pattern,3
69.5,1.37,4,2,2,attention,2
92.2,0.96,0,2,2,attention,3
81.5,1.23,0,2,2,routine,3
90.8,2.27,1,2,0,memory,2
75.4,3.57,1,3,-1,attention,3
76.6,2.4,5,3,-1,pattern,3
100.0,1.05,0,1,-3,attention,2
75.8,3.85,2,4,3,routine,4
92.9,1.66,0,2,-2,attention,3
78.0,1.72,2,3,-1,attention,3
100.0,0.6,0,1,0,pattern,2
65.6,5.03,4,5,-3,pattern,4
55.7,3.23,5,5,3,attention,4
73.6,1.22,2,1,-1,memory,1
61.3,3.76,3,5,1,pattern,4
51.0,3.08,2,4,-1,pattern,3
90.9,3.73,0,4,2,routine,4
47.8,3.46,2,5,-1,attention,4
64.4,0.6,2,1,0,attention,1
56.1,3.3,3,3,1,routine,2
90.2,2.29,0,2,-2,routine,2
69.5,3.34,2,5,-3,pattern,4
63.6,3.22,4,4,-2,routine,3
78.3,3.01,1,4,-3,memory,4
60.3,3.64,4,5,3,pattern,4
60.5,4.92,1,5,-2,attention,4
47.6,2.49,1,5,-1,pattern,4
96.4,3.08,0,3,3,routine,3
94.3,1.28,1,1,0,attention,2
82.4,2.77,0,4,0,memory,4
72.2,2.93,2,5,-1,routine,4
51.8,3.45,2,5,-3,memory,4
63.4,2.38,3,5,1,routine,4
72.6,3.48,2,5,-1,routine,4
94.6,3.37,0,3,1,routine,3
88.4,1.51,1,1,3,attention,2
64.9,3.49,4,5,0,pattern,4
90.0,2.4,2,1,-1,routine,1
79.8,3.03,0,3,0,memory,3
100.0,1.95,0,1,3,routine,2
83.7,0.75,0,2,3,routine,3
94.8,2.7,0,2,-1,pattern,2
70.5,2.8,5,2,1,attention,1
51.3,2.81,5,3,1,memory,2
64.1,4.44,3,5,-3,pattern,4
91.8,3.48,1,5,-1,routine,5
84.1,0.73,1,2,3,routine,3
71.4,3.53,5,4,1,routine,3
80.2,1.78,5,2,-2,routine,2
100.0,1.54,1,1,-3,attention,2
68.1,3.41,7,3,3,memory,2
75.1,2.2,1,3,1,pattern,3
85.1,3.08,1,3,-2,attention,3
56.2,2.96,3,4,1,attention,3
41.6,3.72,8,5,0,routine,4
79.1,2.07,4,2,-1,pattern,2
76.0,2.6,2,3,-2,pattern,3
77.8,1.89,0,1,0,pattern,2
59.0,2.89,7,3,2,routine,2
93.6,2.13,0,3,-1,routine,4
79.1,2.38,0,2,0,attention,2
80.4,2.97,2,3,-2,routine,3
63.1,3.63,3,3,3,pattern,2
88.8,2.46,1,3,-1,routine,3
86.3,2.16,0,2,-1,routine,3
57.2,3.35,5,4,2,attention,3
56.0,3.69,6,4,0,routine,3
83.1,2.99,0,4,1,routine,4
92.2,1.35,1,1,-3,attention,2
67.3,3.04,2,4,3,memory,4
99.1,1.97,0,1,3,routine,2
69.0,3.79,2,5,1,memory,4
59.1,3.35,7,5,1,memory,4
80.8,2.46,2,3,3,attention,3
43.7,4.8,6,5,-2,pattern,4
74.6,3.13,1,4,0,routine,4
71.4,2.81,3,5,-1,pattern,5
69.9,3.73,2,3,1,routine,3
71.6,3.32,2,4,-3,routine,3
74.6,3.74,2,5,1,routine,4
91.0,1.07,1,1,0,routine,2
80.8,3.68,0,5,1,memory,5
76.7,2.98,2,3,0,memory,3
51.4,4.11,0,4,-3,memory,3
89.0,2.58,1,4,1,memory,4
77.8,1.89,1,2,-3,routine,2
100.0,2.55,2,2,-1,attention,2
87.8,2.13,1,2,-1,routine,2
92.9,2.2,0,3,-3,attention,3
84.8,1.38,0,2,1,routine,3
73.8,4.47,2,4,2,attention,3
74.9,2.86,3,3,-3,memory,2
91.4,3.31,1,3,1,routine,3
92.3,0.71,0,2,-2,pattern,3
72.8,2.77,2,4,1,memory,4
79.4,2.65,4,3,3,pattern,3
73.7,2.33,1,3,3,routine,3
58.0,2.7,2,5,2,routine,5
48.0,2.7,10,5,-1,routine,4
85.2,1.93,0,4,1,pattern,4
73.2,3.74,1,5,1,routine,5
57.9,3.21,3,5,1,attention,4
94.5,3.15,1,3,3,routine,3
69.6,1.0,3,1,1,memory,1
72.5,2.49,4,5,-1,routine,4
89.0,3.69,2,5,0,attention,5
77.1,2.05,1,3,1,memory,3
96.9,0.92,0,1,3,routine,2
89.5,2.48,0,4,3,memory,5
37.4,3.53,3,4,0,pattern,3
88.3,1.27,1,1,-2,routine,2
80.8,3.8,1,5,1,memory,5
69.9,2.11,2,3,0,routine,3
83.6,2.92,3,3,2,attention,3
79.1,1.67,1,2,-1,pattern,2
81.8,2.24,1,1,-3,pattern,1
92.5,1.11,0,1,-1,routine,2
73.3,2.83,0,3,-3,attention,3
44.7,3.16,3,4,1,pattern,3
100.0,1.81,0,1,-2,memory,2
86.3,3.06,0,2,-3,attention,2
89.3,2.66,0,3,0,memory,3
79.7,1.74,0,2,1,attention,3
85.7,1.99,3,2,2,routine,2
84.5,1.74,0,1,0,routine,2
81.3,1.33,3,1,2,routine,2
82.0,3.15,1,4,3,routine,4
79.1,1.36,4,3,-1,attention,3
86.3,1.86,1,1,3,attention,2
83.1,1.97,2,2,0,attention,2
65.5,4.63,2,5,-2,pattern,4
65.8,2.3,2,4,1,pattern,4
75.0,3.03,3,5,3,attention,5
71.3,2.63,0,4,3,attention,4
50.8,2.82,6,5,-1,pattern,4
91.3,1.67,0,1,0,pattern,2
92.7,2.89,0,3,1,attention,3
77.1,2.1,1,2,1,attention,2
97.5,2.43,0,2,0,memory,3
65.6,2.13,4,3,-1,routine,2
79.9,2.46,3,4,0,memory,4
57.3,4.19,10,5,0,memory,4
100.0,1.9,1,1,-2,memory,2
91.4,0.82,1,1,-3,routine,2
72.7,2.21,5,3,3,pattern,3
63.5,3.34,3,5,-1,routine,4
82.2,1.9,0,2,1,pattern,3
83.5,3.19,3,4,1,attention,4
100.0,1.8,0,2,1,memory,3
95.5,3.97,0,5,1,memory,5
100.0,0.6,0,1,2,pattern,2
70.8,3.01,1,4,-2,routine,4
84.1,1.71,2,3,3,pattern,4
98.1,2.58,0,1,-2,memory,1
50.7,4.2,9,5,2,routine,4
76.2,3.41,0,5,-3,pattern,5
51.4,2.28,2,5,3,routine,5
65.2,3.1,3,4,-2,pattern,3
92.7,1.01,1,1,-2,pattern,2
77.7,3.78,3,5,0,pattern,4
50.1,2.66,3,5,-3,pattern,4
100.0,2.46,0,2,-2,memory,3
70.7,3.39,4,5,-1,pattern,4
77.5,1.69,4,3,3,memory,3
86.1,1.45,1,2,2,memory,3
77.7,2.99,2,3,-3,attention,2
90.3,1.67,2,2,3,attention,3
83.5,1.93,2,1,0,memory,1
100.0,2.28,1,1,-1,memory,1
58.9,3.87,3,5,3,attention,4
86.7,1.48,1,2,0,memory,2
90.4,2.95,1,3,3,attention,3
83.7,2.39,1,2,3,attention,2
87.9,1.64,0,1,0,attention,2
83.0,2.83,1,4,0,routine,4
80.2,2.44,0,4,-3,attention,4
68.9,3.52,4,5,1,pattern,4
59.6,3.76,3,4,3,attention,3
89.8,1.7,2,1,-3,memory,1
67.0,1.22,6,3,-3,pattern,2
66.2,3.14,3,4,3,attention,4
64.1,3.86,0,5,1,pattern,5
91.0,0.96,2,1,1,attention,2
88.9,2.86,1,4,3,attention,5
100.0,1.5,0,1,1,attention,2
77.6,1.69,0,2,2,memory,3
74.0,3.76,3,5,3,memory,4
56.4,3.87,5,4,-2,attention,3
86.6,0.78,1,2,3,routine,3
85.8,2.55,2,3,-2,pattern,3
70.4,3.18,5,5,1,pattern,4
76.8,1.14,0,2,-3,routine,2
90.3,2.73,0,4,0,routine,4
100.0,1.4,0,3,-3,pattern,4
100.0,0.7,1,1,0,routine,2
93.6,3.47,1,3,-2,attention,3
64.6,2.75,3,4,3,attention,4
94.9,1.94,0,2,-3,attention,3
87.7,1.9,0,3,2,attention,4
77.8,2.56,3,3,3,pattern,3
88.0,2.26,0,1,-1,attention,1
60.4,3.77,4,5,1,memory,4
54.5,2.87,3,4,0,pattern,3
78.1,4.12,3,4,-2,memory,3
99.0,1.66,1,2,3,memory,3
69.8,2.27,3,3,-3,memory,3
74.6,2.25,3,2,1,attention,2
73.2,3.24,1,4,3,routine,4
56.0,1.78,2,4,2,attention,4
54.9,3.67,1,4,-1,pattern,3
89.7,2.82,2,2,3,routine,2
80.7,2.87,3,3,1,pattern,3
100.0,1.82,1,1,2,memory,2
92.4,1.51,0,2,2,memory,3
100.0,0.75,0,1,3,pattern,2
64.1,2.67,3,4,-2,routine,3
52.3,3.11,5,4,-1,attention,3
84.0,2.81,1,3,0,attention,3
52.7,2.35,4,4,2,attention,3
81.3,2.3,2,2,2,memory,2
85.6,2.11,3,2,2,routine,2
63.1,2.1,0,3,-3,routine,3
34.8,2.83,3,5,1,pattern,4
91.9,1.6,2,2,3,routine,3
89.1,3.13,0,3,2,routine,3
85.5,2.0,2,2,3,attention,3
96.8,2.23,1,2,0,routine,3
62.3,3.19,3,5,3,attention,4
100.0,3.39,1,3,1,routine,3
81.3,2.95,0,5,3,routine,5
64.8,2.17,1,5,-3,routine,5
70.3,2.63,6,5,-2,memory,4
93.6,2.2,0,1,-3,attention,1
50.1,3.58,5,5,3,attention,4
70.0,2.11,4,3,2,pattern,3
97.1,1.76,0,2,1,memory,3
65.0,1.76,5,4,-1,attention,3
82.0,3.78,2,5,2,memory,5
74.5,2.06,2,3,1,attention,3
40.9,4.09,8,5,-2,attention,4
55.5,2.48,7,5,2,attention,4
80.9,2.14,3,1,-2,pattern,1
85.8,1.72,1,2,-3,memory,2
73.0,3.53,2,5,3,pattern,5
100.0,1.54,0,1,-3,pattern,2
50.7,2.51,5,4,0,attention,3
90.1,3.58,0,5,-2,routine,5
100.0,1.38,0,1,-2,memory,2
65.2,3.51,5,3,1,pattern,2
70.5,3.46,3,5,3,pattern,5
75.1,3.42,2,4,-3,memory,3
77.0,2.1,1,3,-1,attention,3
84.3,1.95,0,2,1,memory,2
78.6,2.28,3,4,1,attention,4
78.3,3.59,1,4,0,routine,4
53.3,3.45,4,4,3,pattern,3
75.8,3.39,2,4,1,attention,4
84.7,3.04,0,3,0,memory,3
88.8,2.39,0,3,3,memory,4
75.1,2.62,5,4,-3,pattern,3
100.0,1.14,0,1,2,routine,2
57.9,4.04,5,5,-2,attention,4
100.0,0.96,0,1,-3,attention,2
100.0,2.45,1,1,0,pattern,2
55.9,4.6,4,5,1,memory,4
86.5,2.9,0,2,2,memory,2
97.1,2.36,0,2,2,memory,3
75.7,1.24,0,2,2,attention,3
82.3,3.05,2,1,-3,pattern,1
80.7,2.2,1,4,-1,pattern,4
70.4,4.14,2,4,-3,memory,3
89.8,2.76,0,4,2,memory,5
51.1,2.59,2,3,0,attention,2
57.9,2.52,3,5,3,pattern,5
45.6,2.97,4,5,-1,attention,4
53.1,3.12,4,5,3,routine,4
76.4,2.43,1,3,0,attention,3
82.3,2.71,3,3,-2,pattern,3
63.3,3.74,4,5,1,routine,4
83.2,2.19,2,1,2,routine,1
66.5,3.8,1,4,2,pattern,4
56.7,2.57,3,4,-1,pattern,3
88.8,2.21,1,4,3,routine,5
59.8,2.32,6,4,3,attention,3
97.6,1.93,0,1,-2,pattern,2
96.5,3.03,1,2,1,attention,2
69.1,3.67,3,4,-1,routine,3
97.4,1.88,0,3,-1,attention,4
89.4,1.57,4,3,-3,routine,3
62.8,2.6,4,4,-2,attention,3
85.3,2.14,4,3,-2,routine,3
100.0,1.9,0,1,-1,routine,2
87.4,0.84,2,1,3,attention,2
84.7,2.04,2,3,2,routine,3
100.0,1.03,0,1,1,routine,2
87.7,0.77,0,1,1,memory,2
82.0,3.03,0,4,1,memory,4
93.3,2.3,0,3,3,pattern,4
59.9,3.02,7,5,-2,memory,4
77.9,2.59,4,3,-1,routine,2
77.9,3.77,3,3,2,attention,3
71.7,3.79,6,4,-2,attention,3
96.0,1.75,1,1,3,pattern,2
85.2,2.01,0,3,2,attention,4
73.3,3.42,1,3,2,pattern,3
49.0,3.76,4,5,0,memory,4
100.0,2.06,1,1,3,pattern,2
80.8,3.21,2,2,3,pattern,2
74.9,2.84,1,4,3,routine,4
79.3,2.86,4,3,-2,attention,2
64.1,3.45,2,4,-3,memory,3
100.0,1.53,0,1,0,pattern,2
71.6,3.17,0,5,-3,memory,5
100.0,0.6,0,1,0,routine,2
68.1,1.52,2,3,3,attention,3
71.6,1.98,4,2,1,memory,2
100.0,1.67,0,1,1,memory,2
59.4,2.32,5,4,-2,pattern,3
45.2,3.41,6,5,-2,pattern,4
57.9,4.38,4,5,-3,attention,4
82.7,3.07,1,4,-1,attention,4
57.5,2.24,2,3,-3,routine,2
74.6,3.8,2,5,-3,memory,4
55.9,2.81,3,4,2,pattern,4
100.0,2.81,0,1,-2,routine,1
100.0,2.22,0,2,-2,routine,3
77.5,3.04,3,3,0,pattern,2
81.8,3.02,1,3,-3,routine,3
68.3,2.18,1,3,1,attention,3
91.2,2.7,2,2,3,routine,2
63.4,3.08,6,5,1,routine,4
65.0,1.98,1,3,1,attention,3
72.4,3.52,3,3,-2,attention,2
78.1,3.83,1,5,1,routine,5
64.5,3.44,3,5,-2,pattern,4
74.6,1.02,2,1,-2,memory,1
84.6,1.41,0,2,0,memory,3
61.5,3.27,5,5,0,pattern,4
95.9,1.15,2,3,-1,routine,4
84.8,3.37,1,3,-2,attention,3
100.0,1.21,1,1,3,routine,2
74.2,3.7,2,4,2,attention,3
78.4,3.82,1,5,-2,attention,4
80.1,2.74,3,3,-1,routine,3
89.3,1.79,0,2,-1,attention,3
75.0,3.6,1,3,1,memory,3
88.6,1.47,1,3,1,pattern,4
72.7,3.27,0,4,-3,routine,4
47.2,3.99,4,5,-1,memory,4
62.2,3.77,2,5,-3,routine,4
100.0,0.6,1,1,-1,routine,2
92.0,1.36,1,1,-3,attention,1
63.7,2.2,3,5,1,memory,5
71.9,4.11,3,5,1,pattern,4
64.1,4.6,4,5,-1,memory,4
52.2,3.31,3,3,2,routine,2
78.8,2.69,3,4,-2,routine,4
77.6,2.16,5,1,-2,routine,1
82.1,2.45,1,3,1,pattern,3
86.7,2.32,0,3,3,pattern,4
81.4,2.81,3,5,2,attention,5
63.5,3.93,2,5,3,routine,5
91.1,1.97,4,1,0,routine,1
97.7,1.48,0,1,2,attention,2
87.6,1.61,0,1,-1,routine,2
64.8,3.83,5,4,2,pattern,3
81.8,1.62,4,2,1,pattern,2
91.1,3.36,0,5,2,pattern,5
100.0,1.23,0,2,0,attention,3
68.2,3.91,2,5,-2,memory,4
98.0,1.31,0,1,1,memory,2
100.0,2.5,0,2,1,attention,3
91.0,1.05,0,2,1,attention,3
93.0,1.38,1,1,0,pattern,2
89.9,0.97,0,1,-1,attention,2
70.1,3.54,2,4,-1,memory,3
74.6,1.74,3,2,0,memory,2
84.0,2.7,1,3,-3,pattern,3
88.4,1.15,0,1,-3,pattern,2
49.0,0.65,5,2,-3,attention,1
92.0,1.27,0,2,3,pattern,3
60.5,3.82,7,4,0,memory,3
88.7,1.97,0,2,-1,pattern,2
52.3,2.51,4,5,3,attention,4
100.0,2.59,0,3,-1,pattern,4
61.1,3.41,6,5,2,memory,4
66.0,2.52,3,3,2,pattern,3
89.2,1.47,1,4,-2,routine,4
97.7,1.73,0,1,2,memory,2
69.8,3.05,2,4,-2,routine,3
77.9,4.04,2,5,0,memory,4
40.2,1.39,6,5,1,routine,4
99.0,1.3,0,1,0,memory,2
84.8,3.34,1,5,-1,pattern,5
94.3,0.96,1,1,2,memory,2
69.6,2.01,2,4,1,memory,4
64.5,3.82,4,5,-2,routine,4
63.3,2.69,2,5,1,memory,5
55.7,3.4,3,4,-2,routine,3
70.1,2.07,1,2,1,memory,2
82.7,3.36,1,4,-3,attention,4
65.7,3.47,7,5,2,attention,4
76.8,3.65,2,4,3,attention,4
100.0,1.14,0,1,1,attention,2
57.3,3.89,2,5,-2,memory,4
73.9,3.17,3,4,1,attention,3
70.0,4.26,2,5,-2,attention,4
62.1,3.52,2,5,-2,routine,4
68.1,2.94,5,4,-2,attention,3
72.6,3.25,1,5,0,pattern,5
78.6,4.18,3,4,1,pattern,3
65.8,3.28,3,4,-3,pattern,3
87.6,2.02,2,2,1,attention,2
46.1,3.89,4,5,1,memory,4
78.1,2.36,0,2,1,routine,2
86.2,1.77,0,1,-1,attention,2
69.7,3.89,1,3,1,attention,2
92.5,4.64,0,4,1,memory,4
36.1,2.7,4,5,-3,routine,4
87.4,1.89,0,1,3,routine,2
62.6,3.21,2,5,0,routine,4
75.4,3.02,1,3,3,attention,3
100.0,1.75,0,1,3,routine,2
68.4,1.6,3,2,-3,attention,2
98.0,2.32,0,3,-2,attention,3
100.0,0.76,0,1,1,attention,2
63.0,3.76,4,5,-3,pattern,4
71.1,1.75,5,2,2,routine,2
87.0,3.39,3,5,-1,routine,4
87.6,1.64,0,2,-2,pattern,2
76.7,2.0,1,3,-3,memory,3
100.0,2.41,0,3,-1,attention,4
78.5,2.03,1,3,3,memory,3
32.8,3.49,2,5,1,pattern,4
61.5,2.12,2,5,-1,memory,5
79.6,2.89,0,3,-1,routine,3
86.6,2.38,0,3,3,memory,4
52.0,3.92,6,5,0,pattern,4
82.7,1.95,0,3,-1,pattern,3
53.6,3.72,3,5,0,pattern,4
73.8,1.98,0,5,-3,memory,5
91.9,2.34,0,2,1,routine,3
90.4,1.26,0,1,0,memory,2
61.8,2.01,2,3,-1,memory,3
68.8,3.19,6,5,3,pattern,4
67.6,2.63,1,4,-2,routine,4
57.0,3.25,5,5,1,pattern,4
57.0,4.0,5,5,1,attention,4
56.0,3.32,6,4,3,memory,3
84.8,2.24,3,3,1,pattern,3
76.7,0.6,0,1,-1,routine,2
74.8,2.33,2,2,1,memory,2
70.1,3.51,0,5,-1,memory,5
55.6,1.77,3,2,3,pattern,2
73.9,2.53,1,3,3,memory,3
53.7,3.26,4,5,2,memory,4
89.2,2.37,1,2,1,attention,2
83.8,2.13,0,1,3,routine,2
62.3,3.64,4,4,-3,memory,3
95.1,1.83,2,1,1,memory,2
93.6,2.47,0,4,3,memory,5
83.4,3.27,2,4,-3,pattern,4
93.9,1.54,0,2,2,routine,3
59.5,3.89,2,5,0,memory,4
89.0,2.07,0,1,2,pattern,2
69.8,2.32,4,4,-3,pattern,3
64.3,2.91,6,4,-2,routine,3
71.5,2.85,4,5,-1,pattern,4
77.2,2.31,2,2,-3,memory,2
86.4,2.53,2,2,-2,attention,2
76.4,2.35,3,3,2,memory,3
80.6,2.04,3,2,1,memory,2
63.9,2.38,5,2,0,attention,1
74.6,1.78,1,2,0,pattern,2
84.4,3.66,2,3,2,memory,3
86.0,1.12,1,1,3,memory,2
92.9,2.07,1,2,-3,routine,2
71.5,3.0,2,5,0,routine,5
70.5,2.1,1,5,-2,pattern,5
53.0,2.77,1,4,-3,routine,3
100.0,2.15,1,1,-3,pattern,1
81.9,1.82,2,3,-3,pattern,3
20.4,3.1,4,5,-2,pattern,4
100.0,2.42,1,1,2,pattern,2
77.7,3.46,4,4,-3,memory,3
89.3,2.41,1,4,3,pattern,5
68.3,3.03,1,5,-3,pattern,4
75.8,1.58,0,1,1,attention,2
85.4,1.55,1,4,-2,attention,5
86.3,1.21,3,1,1,memory,1
57.4,2.22,5,3,0,pattern,2
64.3,3.85,3,5,-3,pattern,4
93.5,2.44,1,2,1,memory,3
81.9,1.5,1,1,-1,attention,1
61.5,3.87,3,5,3,attention,4
89.0,2.4,2,3,1,memory,4
78.5,1.15,1,2,0,pattern,3
78.6,2.23,1,2,3,memory,2
99.7,1.34,1,1,-3,routine,2
78.6,2.24,3,1,-1,routine,1
100.0,2.7,0,2,3,attention,3
95.1,3.22,2,4,1,attention,4
71.4,3.69,3,4,2,pattern,3
70.6,3.08,4,5,-1,attention,4
67.6,3.82,2,5,1,routine,4
59.5,2.35,4,4,2,routine,4
100.0,1.77,0,1,0,memory,2
73.8,3.09,4,5,-3,memory,4
100.0,2.05,0,4,2,memory,5
79.9,3.93,2,4,-1,memory,3
70.1,3.07,2,5,-1,attention,4
72.3,3.65,3,4,-2,memory,3
79.4,1.52,1,2,2,attention,3
59.6,2.34,4,2,-2,routine,1
90.4,2.2,0,1,0,pattern,2
74.3,3.43,1,5,1,memory,5
93.5,1.33,0,2,3,pattern,3
58.9,3.32,3,4,1,routine,3
52.5,3.32,4,4,3,attention,3
90.4,3.33,0,3,-3,attention,3
78.6,2.52,0,2,3,memory,2
71.0,1.3,1,3,2,routine,3
90.1,3.17,0,3,-1,pattern,3
65.2,1.86,2,3,-2,routine,3
83.5,3.58,1,4,1,memory,4
69.3,2.74,5,4,0,memory,3
93.5,2.03,2,1,-3,routine,1
87.0,3.95,1,4,-3,attention,3
70.3,0.85,1,1,2,routine,2
100.0,1.42,0,3,-1,attention,4
79.0,2.0,0,2,-1,attention,2
98.6,1.97,0,1,0,memory,2
79.3,1.41,0,1,-1,memory,1
50.1,3.17,6,5,1,attention,4
77.9,2.64,4,4,2,attention,4
100.0,1.91,0,1,0,routine,2
92.7,2.52,0,2,1,attention,2
68.5,2.82,2,5,0,pattern,5
87.9,1.5,2,2,-3,memory,2
48.9,3.02,5,5,1,attention,4
94.7,1.37,0,1,2,routine,2
93.6,2.09,1,2,-2,attention,2
70.3,3.84,2,5,-2,pattern,4
63.1,3.48,2,4,1,attention,3
96.5,1.45,0,2,3,memory,3
96.3,2.45,1,2,2,pattern,3
59.5,2.32,1,4,1,routine,4
66.7,1.88,2,3,-2,memory,3
87.7,1.59,2,2,-3,attention,2
86.4,1.85,1,1,3,routine,2
89.5,2.13,0,3,3,routine,4
77.7,0.71,1,1,3,routine,2
79.2,2.54,4,4,3,attention,4
70.6,2.06,3,3,2,routine,3
74.8,2.74,1,3,-3,memory,2
55.7,3.8,3,5,0,attention,4
88.8,1.81,1,1,3,pattern,2
82.3,2.26,2,3,-1,pattern,3
53.2,2.93,3,5,2,memory,4
49.0,2.79,3,5,3,attention,4
88.6,3.37,1,5,0,routine,5
35.2,3.77,9,5,3,pattern,4
59.4,2.32,1,3,0,memory,3
65.8,2.99,2,3,0,attention,2
100.0,1.36,0,1,3,routine,2
90.3,2.12,0,1,2,attention,2
62.7,4.06,2,4,-1,routine,3
100.0,2.67,0,3,2,memory,4
58.1,3.72,3,4,-1,attention,3
83.1,2.36,3,2,2,attention,2
69.9,2.75,2,4,2,pattern,4
100.0,0.6,1,3,-2,routine,4
59.7,3.11,3,5,-1,attention,4
100.0,1.47,0,1,-3,pattern,2
50.6,3.42,7,5,0,pattern,4
90.2,3.21,1,2,-2,memory,2
74.4,1.89,2,3,-3,attention,3
60.0,3.53,7,5,-1,pattern,4
62.2,3.13,4,5,-3,routine,4
89.6,3.17,1,4,-1,attention,4
71.8,1.46,5,3,-1,attention,3
86.4,2.83,1,3,1,routine,3
74.2,3.49,2,5,-3,attention,4
65.0,2.64,1,3,1,attention,3
74.3,1.44,5,2,-3,attention,1
90.1,2.48,1,3,1,pattern,4
80.1,2.52,1,4,-3,attention,4
100.0,3.86,0,5,0,routine,5
74.1,1.6,1,2,-1,pattern,2
64.3,1.32,2,3,-2,routine,3
70.7,3.42,2,4,-2,routine,3
80.8,0.6,1,1,-3,memory,1
84.9,2.06,2,4,2,attention,4
100.0,2.13,0,1,0,pattern,2
84.0,1.86,0,2,-3,routine,2
94.5,2.31,0,2,-3,routine,2
97.5,2.49,0,3,-1,routine,3
98.0,1.59,0,1,-1,routine,2
39.7,4.22,6,5,1,routine,4
100.0,1.6,0,1,3,attention,2
90.9,2.54,1,2,-1,attention,2
92.3,2.24,0,1,2,attention,2
36.2,3.18,4,5,0,attention,4
72.8,3.52,4,5,-1,attention,4
68.7,3.54,1,4,0,routine,3
62.1,4.33,4,5,3,routine,4
73.8,1.73,3,3,-3,routine,3
58.1,2.54,5,3,-2,memory,2
63.2,3.82,7,4,3,routine,3
92.7,2.36,1,4,3,pattern,5
89.1,0.96,1,3,-2,pattern,4
95.1,1.36,0,1,-2,attention,2
100.0,2.06,1,2,2,attention,3
59.9,4.08,6,5,0,pattern,4
89.1,1.44,0,1,0,routine,2
93.1,1.29,0,1,1,pattern,2
82.1,2.46,1,2,-3,routine,2
96.9,2.26,1,1,1,memory,2
90.0,2.13,1,3,-2,pattern,3
62.5,3.43,3,5,-1,memory,4
97.7,1.56,1,2,-2,pattern,3
99.6,2.52,0,2,2,attention,3
70.9,2.89,4,4,-2,pattern,3
79.8,3.56,1,5,-3,pattern,5
89.3,1.83,1,1,-2,attention,1
86.7,2.05,3,1,0,routine,1
100.0,2.18,0,3,-2,routine,4
50.0,3.32,6,5,2,memory,4
62.0,2.51,1,5,2,memory,5
86.9,2.5,1,3,3,memory,4
69.1,2.84,2,4,2,attention,4
74.0,1.91,4,2,3,attention,2
68.8,2.77,3,4,0,memory,4
100.0,1.27,0,1,-1,pattern,2
70.0,4.56,5,5,-1,attention,4
100.0,1.33,0,1,0,memory,2
87.9,3.32,1,3,2,pattern,3
51.4,4.56,2,5,-3,memory,4
62.8,3.8,2,4,0,pattern,3
51.1,3.98,0,5,-1,routine,4
84.6,0.6,0,1,-2,routine,2
87.7,2.8,1,3,3,pattern,3
55.5,1.15,3,3,2,pattern,3
77.5,2.85,2,3,-3,pattern,2
50.7,3.15,1,5,3,pattern,4
97.1,1.93,0,2,1,routine,3
59.5,3.66,4,4,3,pattern,3
73.9,2.7,3,3,2,memory,3
77.4,1.45,2,1,0,pattern,1
43.4,3.39,5,5,-3,attention,4
99.4,1.2,0,1,-3,pattern,2
89.5,0.75,1,1,1,memory,2
73.5,3.19,2,5,2,memory,5
75.1,3.23,2,3,-3,pattern,2
92.6,1.71,1,1,1,pattern,2
78.2,1.06,2,1,3,memory,2
96.4,1.49,1,2,-2,routine,2
100.0,1.64,1,1,-3,pattern,1
70.6,3.52,2,4,3,pattern,4
56.4,2.55,5,3,2,routine,2
100.0,0.81,0,1,3,pattern,2
88.8,1.41,1,1,3,attention,2
62.7,2.05,7,3,1,pattern,2
75.5,2.97,0,4,0,attention,4
46.3,1.68,3,2,0,attention,1
100.0,1.43,0,2,0,routine,3
67.1,2.47,3,4,-2,attention,3
98.5,0.93,0,1,2,pattern,2
75.1,3.82,5,5,-2,memory,4
77.0,2.86,1,3,-1,pattern,3
85.3,2.5,2,4,1,pattern,4
70.0,2.42,3,3,0,memory,3
56.7,4.02,4,5,-2,memory,4
76.1,2.79,1,3,-1,pattern,3
83.5,2.27,3,1,3,pattern,1
57.7,4.34,2,5,2,attention,4
83.0,2.99,2,2,-3,routine,1
71.9,3.01,0,5,2,attention,5
78.2,2.62,0,4,-3,memory,4
74.8,2.14,5,3,1,memory,3
84.6,2.03,5,3,3,routine,3
91.2,2.55,0,4,2,attention,5
100.0,1.68,0,1,0,pattern,2
61.9,3.73,3,5,1,attention,4
67.1,3.03,2,4,1,attention,4
98.9,2.63,0,1,-2,memory,1
92.9,1.4,0,3,3,memory,4
45.8,2.19,7,4,3,routine,3
100.0,1.78,0,1,-3,memory,2
74.8,2.57,4,2,-1,memory,2
88.1,1.51,1,2,1,routine,3
100.0,1.3,0,1,-1,memory,2
81.1,2.8,2,3,-2,pattern,3
100.0,2.58,0,1,2,memory,2
61.0,2.2,3,2,0,routine,1
97.9,1.83,0,1,2,pattern,2
43.2,2.93,4,5,-3,memory,4
65.2,2.65,3,5,-3,pattern,4
100.0,1.51,0,1,3,memory,2
84.0,2.28,1,2,-1,attention,2
